D,m,k,B,seed,method,overall_sign,band_sign,band_spearman
2,2,1,64,1,sobol,0.99335,0.9470330545599362,0.9807737514809987
2,2,1,64,1,random,0.9946,0.956989247311828,0.9855012644291528
2,2,1,64,1,adaptive,0.99605,0.9685384309040223,0.995251206817291
2,2,1,64,2,sobol,0.99645,0.9716113554578168,0.9985433694148241
2,2,1,64,2,random,0.9968,0.9744102359056377,0.9981876087934132
2,2,1,64,2,adaptive,0.9977,0.9816073570571772,0.998972669924836
2,2,1,64,3,sobol,0.9963,0.9707394226967181,0.9928080424577282
2,2,1,64,3,random,0.99295,0.9442467378410438,0.9804448900088736
2,2,1,64,3,adaptive,0.997,0.9762752075919335,0.9968519551053382
2,2,1,64,0,sobol,0.999,0.9920948616600791,0.9969496663718088
2,2,1,64,0,random,0.99425,0.9545454545454546,0.9748218865404965
2,2,1,64,0,adaptive,0.99745,0.9798418972332016,0.9955676482986024
2,2,1,64,4,sobol,0.993,0.9439551641313051,0.9667438649138206
2,2,1,64,4,random,0.9876,0.900720576461169,0.9346833896272582
2,2,1,64,4,adaptive,0.9976,0.9807846277021617,0.9977022490568959
2,2,1,128,1,sobol,0.9941,0.9530067702110713,0.9892918558550464
2,2,1,128,1,random,0.99055,0.9247311827956989,0.9714315655518996
2,2,1,128,1,adaptive,0.99445,0.955794504181601,0.9953377034367231
2,2,1,128,0,sobol,0.99705,0.9766798418972332,0.9931703276855723
2,2,1,128,0,random,0.9959,0.9675889328063241,0.9875778622640575
2,2,1,128,0,adaptive,0.99895,0.991699604743083,0.9992796542987085
2,2,1,128,2,sobol,0.9975,0.9800079968012795,0.9978730142475385
2,2,1,128,2,random,0.99655,0.9724110355857657,0.9961837975601128
2,2,1,128,2,adaptive,0.9992,0.9936025589764095,0.9992139516375705
2,2,1,128,3,sobol,0.9973,0.9786476868327402,0.9957360095449944
2,2,1,128,3,random,0.99715,0.9774614472123369,0.994309412773107
2,2,1,128,3,adaptive,0.99855,0.9885330170027679,0.9987978358827665
2,2,1,128,4,sobol,0.99445,0.955564451561249,0.982904918300701
2,2,1,128,4,random,0.99375,0.9499599679743795,0.974949818042002
2,2,1,128,4,adaptive,0.9985,0.9879903923138511,0.999075857283617
2,2,1,256,0,sobol,0.99695,0.9758893280632411,0.9941762157869614
2,2,1,256,0,random,0.9949,0.9596837944664032,0.9839106572830615
2,2,1,256,0,adaptive,0.99905,0.9924901185770751,0.9983452255271057
2,2,1,256,1,sobol,0.99475,0.9581839904420549,0.9899612767340338
2,2,1,256,1,random,0.9951,0.9609717244125846,0.9892233378352597
2,2,1,256,1,adaptive,0.9906,0.9251294305057746,0.9973722252888925
2,2,1,256,2,sobol,0.9939,0.9512195121951219,0.9946834380875949
2,2,1,256,2,random,0.99465,0.9572171131547381,0.9913475822141169
2,2,1,256,2,adaptive,0.9974,0.9792083166733306,0.997794221400169
2,2,1,256,3,sobol,0.99565,0.9655990510083037,0.9932902153006812
2,2,1,256,3,random,0.99645,0.9719256623171214,0.9936527700597323
2,2,1,256,3,adaptive,0.99365,0.9497825227362594,0.9946110226688868
2,2,1,256,4,sobol,0.9975,0.9799839871897518,0.9948586524687223
2,2,1,256,4,random,0.9968,0.9743795036028823,0.9938453707916841
2,2,1,256,4,adaptive,0.9951,0.9607686148919136,0.9976750226734836
2,2,1,512,0,sobol,0.9964,0.9715415019762846,0.9981375373095057
2,2,1,512,0,random,0.99855,0.9885375494071146,0.9980459708733096
2,2,1,512,0,adaptive,0.9984,0.9873517786561264,0.9989766294235224
2,2,1,512,1,sobol,0.99615,0.9693349263241736,0.9962415623748719
2,2,1,512,1,random,0.99365,0.9494225408203902,0.9879569084497267
2,2,1,512,1,adaptive,0.99765,0.9812823576264437,0.998337579830061
2,2,1,512,2,sobol,0.995,0.960015993602559,0.9981946413760636
2,2,1,512,2,random,0.99675,0.9740103958416634,0.9981741795368185
2,2,1,512,2,adaptive,0.9976,0.9808076769292283,0.9985232144072829
2,2,3,64,0,sobol,0.97935,0.9072118625028084,0.9202100289214148
2,2,3,64,0,random,0.9687,0.8593574477645473,0.8840238063677847
2,2,3,64,0,adaptive,0.9889,0.9501235677375871,0.9772460230324694
2,2,1,512,3,sobol,0.99695,0.9758797943851325,0.9965247302502263
2,2,1,512,3,random,0.99415,0.9537366548042705,0.992812731893762
2,2,1,512,3,adaptive,0.99775,0.9822064056939501,0.9986423448373116
2,2,3,64,1,sobol,0.98575,0.9270353302611367,0.9502546865101081
2,2,3,64,1,random,0.98195,0.9075780849974399,0.9299329229095431
2,2,3,64,1,adaptive,0.99085,0.9531490015360983,0.9756963885054671
2,2,3,64,2,sobol,0.9903,0.9517172722747635,0.9748746807600293
2,2,3,64,2,random,0.9828,0.9143852663016426,0.9208593533299734
2,2,3,64,2,adaptive,0.99165,0.9584370333499254,0.9781899668378815
2,2,3,64,3,sobol,0.98845,0.9405099150141643,0.9644750736754992
2,2,3,64,3,random,0.97765,0.8848828225598764,0.9321783053350186
2,2,3,64,3,adaptive,0.9904,0.9505536955961885,0.9753380557960695
2,2,3,64,4,sobol,0.99005,0.9550485656200587,0.9757952920864488
2,2,3,64,4,random,0.9869,0.940817709509826,0.966466099813629
2,2,3,64,4,adaptive,0.99225,0.9649875762367291,0.9913198281631519
2,2,3,128,0,sobol,0.98775,0.94495618962031,0.9627999449320689
2,2,3,128,0,random,0.9778,0.9002471354751741,0.9282225109132752
2,2,3,128,0,adaptive,0.99245,0.9660750393170074,0.9917570223945122
2,2,1,512,4,sobol,0.99795,0.9835868694955965,0.9983988213647349
2,2,1,512,4,random,0.99645,0.9715772618094476,0.9972740012797825
2,2,1,512,4,adaptive,0.9949,0.9591673338670936,0.9983984033382068
2,2,3,128,1,sobol,0.98975,0.9475166410650282,0.9737397923020089
2,2,3,128,1,random,0.9916,0.956989247311828,0.976126918315446
2,2,3,128,1,adaptive,0.9941,0.9697900665642601,0.9910912774916817
2,2,3,128,2,sobol,0.99145,0.9574415131906421,0.9738168124033314
2,2,3,128,2,random,0.98755,0.9380288700846192,0.966987494951041
2,2,3,128,2,adaptive,0.9945,0.9726231956197113,0.9918478218188338
2,2,3,128,4,sobol,0.9925,0.9661170092613508,0.9871233522007128
2,2,3,128,4,random,0.9926,0.9665687824711995,0.9889958504619308
2,2,3,128,4,adaptive,0.99505,0.9776372261124915,0.9928098400220181
2,2,3,128,3,sobol,0.9892,0.9443729075457121,0.9677737475151362
2,2,3,128,3,random,0.99065,0.9518413597733711,0.9731442335949965
2,2,3,128,3,adaptive,0.9919,0.958279680659284,0.9823224858986745
2,2,3,256,0,sobol,0.98655,0.9395641428892384,0.9648038668993703
2,2,3,256,0,random,0.9839,0.9276567063581218,0.9450377529208503
2,2,3,256,0,adaptive,0.9916,0.9622556728824984,0.981573873212804
2,2,3,256,1,sobol,0.991,0.9539170506912442,0.975657166377814
2,2,3,256,1,random,0.99045,0.9511008704557091,0.9760474605887615
2,2,3,256,1,adaptive,0.993,0.96415770609319,0.9857226970937879
2,2,3,256,2,sobol,0.98805,0.9405176704828273,0.9526013331894077
2,2,3,256,2,random,0.97765,0.8887506222000996,0.9168160292639053
2,2,3,256,2,adaptive,0.9904,0.9522150323544052,0.9773434424302361
2,2,3,256,3,sobol,0.9831,0.9129539016224568,0.9592415296459132
2,2,3,256,3,random,0.98805,0.9384496523306721,0.9490147127038017
2,2,3,256,3,adaptive,0.991,0.9536440896214268,0.9787184970293589
2,2,3,256,4,sobol,0.99075,0.9582109780889994,0.9802537381383658
2,2,3,256,4,random,0.98605,0.9369776372261125,0.964145052618756
2,2,3,256,4,adaptive,0.99415,0.9735712672238537,0.9914687292266322
2,2,3,512,0,sobol,0.9893,0.9519209166479443,0.9741076524168406
2,2,3,512,0,random,0.9876,0.944282183778926,0.9579705733582626
2,2,3,512,0,adaptive,0.9903,0.9564142889238373,0.9798428891478774
2,2,3,512,1,sobol,0.9945,0.9718381976446493,0.9905839902632204
2,2,3,512,1,random,0.9922,0.9600614439324117,0.9857626082933776
2,2,3,512,1,adaptive,0.9963,0.9810547875064004,0.9945099574839041
2,2,3,512,2,sobol,0.99385,0.9693877551020408,0.9921906585607682
2,2,3,512,2,random,0.99475,0.9738675958188153,0.9908022431790092
2,2,3,512,2,adaptive,0.99275,0.9639123942259831,0.9917021631265732
8,2,1,64,0,sobol,0.75435,0.49232736572890023,0.06424594514583457
8,2,1,64,0,random,0.7613,0.4852941176470588,0.025939214925967964
8,2,1,64,0,adaptive,0.81425,0.48305626598465473,0.05115815303996185
8,2,1,64,1,sobol,0.72465,0.4911792014856082,0.025458064986022048
8,2,1,64,1,random,0.7601,0.47818012999071496,0.011804213528452893
8,2,1,64,1,adaptive,0.8158,0.47879913339523367,0.0520089165578079
2,2,3,512,3,sobol,0.9877,0.9366469224826165,0.9653325796348966
2,2,3,512,3,random,0.98855,0.9410249806850374,0.9693744110541314
2,2,3,512,3,adaptive,0.9933,0.9654906000515066,0.9870508531899969
8,2,1,64,2,sobol,0.7722,0.5008156606851549,0.07810050687714655
8,2,1,64,2,random,0.7852,0.49951060358890703,0.05632854968934479
8,2,1,64,2,adaptive,0.8025,0.4900489396411093,0.062159382697651075
8,2,1,64,3,sobol,0.7717,0.4994885782475281,0.054793082811377666
8,2,1,64,3,random,0.77855,0.5103989089669281,0.04672315792675046
8,2,1,64,3,adaptive,0.8155,0.4974428912376406,0.04551118114938089
8,2,1,64,4,sobol,0.77105,0.4802610114192496,0.013713432332320617
8,2,1,64,4,random,0.7261,0.49135399673735725,0.031100785216932457
8,2,1,64,4,adaptive,0.8128,0.48515497553017944,0.03945338185340457
2,2,3,512,4,sobol,0.9922,0.9647616896318049,0.9884223768696951
2,2,3,512,4,random,0.98905,0.9505308335215722,0.985367437968718
2,2,3,512,4,adaptive,0.99205,0.9640840298170319,0.9922222917560508
8,2,1,128,1,sobol,0.7684,0.4914887031878675,0.052137392186832894
8,2,1,128,1,random,0.79055,0.5035592695759826,0.06633974701444895
8,2,1,128,1,adaptive,0.8101,0.4828226555246054,0.05256634088299091
8,2,1,128,0,sobol,0.73295,0.4904092071611253,0.03279119725713184
8,2,1,128,0,random,0.76575,0.5428388746803069,0.12190905247820029
8,2,1,128,0,adaptive,0.82545,0.5003196930946292,0.05575519024039351
8,2,1,128,2,sobol,0.76205,0.5073409461663948,0.07085057939610928
8,2,1,128,2,random,0.76795,0.5145187601957586,0.09060342245160415
8,2,1,128,2,adaptive,0.8199,0.5034257748776509,0.08986420789325555
8,2,1,128,3,sobol,0.8192,0.5144902829867031,0.08581152448160682
8,2,1,128,3,random,0.7901,0.5288100920559154,0.12484953603268778
8,2,1,128,3,adaptive,0.8386,0.5134674394817593,0.1087636016355478
8,2,1,128,4,sobol,0.789,0.5086460032626428,0.07026247167580314
8,2,1,128,4,random,0.72595,0.5008156606851549,0.054286613578365485
8,2,1,128,4,adaptive,0.8202,0.49429037520391517,0.049119688850243974
8,2,1,256,0,sobol,0.89675,0.6230818414322251,0.29713039474438036
8,2,1,256,0,random,0.86835,0.5866368286445013,0.22460418122234363
8,2,1,256,0,adaptive,0.86585,0.5415601023017903,0.176602452946003
8,2,1,256,1,sobol,0.842,0.5304859176725472,0.1595107880550122
8,2,1,256,1,random,0.84855,0.5394614670380687,0.19192664126576342
8,2,1,256,1,adaptive,0.8385,0.5109873104302074,0.11443926017471312
8,2,1,256,2,sobol,0.87805,0.564437194127243,0.20034651732146092
8,2,1,256,2,random,0.8436,0.5370309951060359,0.16059035541014138
8,2,1,256,2,adaptive,0.8894,0.5807504078303426,0.26496681198354594
8,2,1,256,3,sobol,0.8729,0.5567678145243777,0.21777633488532003
8,2,1,256,3,random,0.87385,0.5785884759631776,0.24458050752400995
8,2,1,256,3,adaptive,0.8853,0.5676781452437777,0.24307430287733472
8,2,1,256,4,sobol,0.8484,0.5497553017944535,0.13411211321195105
8,2,1,256,4,random,0.82465,0.5579119086460033,0.15509908643819423
8,2,1,256,4,adaptive,0.86805,0.5624796084828712,0.2021544531335873
8,2,1,512,1,sobol,0.92815,0.6675951717734447,0.46638846805935896
8,2,1,512,1,random,0.92475,0.6583101207056639,0.43794768537022566
8,2,1,512,1,adaptive,0.96195,0.780563293098112,0.7008230311332833
8,2,1,512,0,sobol,0.9542,0.7452046035805626,0.6388210815577009
8,2,1,512,0,random,0.93285,0.6774296675191815,0.4940236004300995
8,2,1,512,0,adaptive,0.9469,0.7042838874680307,0.554569128889706
8,2,3,64,0,sobol,0.6991,0.4726477024070022,0.06377185619210117
8,2,3,64,0,random,0.6851,0.4726477024070022,0.056208260434206785
8,2,3,64,0,adaptive,0.732,0.47893873085339167,0.08060913679606442
8,2,1,512,2,sobol,0.9296,0.668515497553018,0.45677963551666356
8,2,1,512,2,random,0.938,0.6812398042414356,0.49158407612358507
8,2,1,512,2,adaptive,0.9374,0.6773246329526916,0.4861576022332332
8,2,3,64,1,sobol,0.6629,0.49350381521963294,0.11012124430749326
8,2,3,64,1,random,0.6579,0.4827799546298206,0.07960225796706763
8,2,3,64,1,adaptive,0.6512,0.4761806558053207,0.10661549784401449
8,2,3,64,2,sobol,0.65785,0.48073217726396916,0.05971159107211827
8,2,3,64,2,random,0.6785,0.46772639691714835,0.037559425254204616
8,2,3,64,2,adaptive,0.64275,0.4619460500963391,0.05128486697052873
8,2,3,64,3,sobol,0.68835,0.5052607502287283,0.09083150125144916
8,2,3,64,3,random,0.6634,0.47712717291857276,0.09003483087171274
8,2,3,64,3,adaptive,0.63145,0.4709515096065874,0.05408197993890751
8,2,3,64,4,sobol,0.6829,0.49684873949579833,0.05902866643468164
8,2,3,64,4,random,0.6922,0.49264705882352944,0.03316131095789543
8,2,3,64,4,adaptive,0.694,0.47163865546218486,0.06250872966733664
8,2,1,512,3,sobol,0.952,0.7245141493351517,0.5551409050203867
8,2,1,512,3,random,0.9301,0.6641663825434708,0.45101660458484827
8,2,1,512,3,adaptive,0.9569,0.7374701670644391,0.6214489590793264
8,2,3,128,0,sobol,0.70415,0.5010940919037199,0.06844298643722083
8,2,3,128,0,random,0.7308,0.5019146608315098,0.1347028034610015
8,2,3,128,0,adaptive,0.74855,0.4863238512035011,0.11954196025376691
8,2,3,128,1,sobol,0.72785,0.5454732934625696,0.17520709314320973
8,2,3,128,1,random,0.71365,0.5182511858115075,0.14655678356847343
8,2,3,128,1,adaptive,0.6864,0.4671066199216333,0.13946612058990118
8,2,3,128,2,sobol,0.6529,0.47952793834296725,0.02792413204093661
8,2,3,128,2,random,0.6853,0.5185452793834296,0.10479028856865014
8,2,3,128,2,adaptive,0.71135,0.4718208092485549,0.083671981177565
8,2,3,128,3,sobol,0.73925,0.5231015553522416,0.14356224559113814
8,2,3,128,3,random,0.7335,0.5388838060384263,0.1835780332091008
8,2,3,128,3,adaptive,0.7026,0.4885635864592864,0.091890997908267
8,2,3,128,4,sobol,0.74515,0.5105042016806722,0.09676009238121863
8,2,3,128,4,random,0.6922,0.5115546218487395,0.09397110117347018
8,2,3,128,4,adaptive,0.7322,0.5018382352941176,0.11632316833357384
8,2,1,512,4,sobol,0.9343,0.6760195758564437,0.4811868298278661
8,2,1,512,4,random,0.90385,0.6264274061990212,0.3057857925247584
8,2,1,512,4,adaptive,0.94,0.6848287112561174,0.4842712077425289
8,2,3,256,0,sobol,0.82935,0.5642778993435449,0.22079552388376117
8,2,3,256,0,random,0.81485,0.5536105032822757,0.22047976955632873
8,2,3,256,0,adaptive,0.81615,0.5437636761487965,0.21375815930858902
8,2,3,256,1,sobol,0.8089,0.5898123324396782,0.27458451439452897
8,2,3,256,1,random,0.7543,0.574138997731491,0.21503829765270252
8,2,3,256,1,adaptive,0.8151,0.5774386471437409,0.33163182547980136
8,2,3,256,2,sobol,0.8643,0.5927263969171483,0.33978689211462293
8,2,3,256,2,random,0.8052,0.5484104046242775,0.2347326599817968
8,2,3,256,2,adaptive,0.83435,0.5626204238921002,0.3005154625249756
8,2,3,256,3,sobol,0.8256,0.5853156450137237,0.2747023006851073
8,2,3,256,3,random,0.8517,0.6052150045745655,0.34814889591795495
8,2,3,256,3,adaptive,0.7934,0.5450594693504117,0.20745293124296435
8,2,3,256,4,sobol,0.84215,0.5766806722689075,0.2599939918991678
8,2,3,256,4,random,0.8237,0.5688025210084033,0.2191767160729003
8,2,3,256,4,adaptive,0.8147,0.5443802521008403,0.22136157813967536
8,2,3,512,0,sobol,0.9448,0.7286652078774617,0.6297877001104488
8,2,3,512,0,random,0.9291,0.6950218818380745,0.5360000875971902
8,2,3,512,0,adaptive,0.94925,0.7442560175054704,0.6499078018207274
8,2,3,512,2,sobol,0.92945,0.7105009633911368,0.5721525403696763
8,2,3,512,2,random,0.90785,0.6734104046242775,0.47456285477997384
8,2,3,512,2,adaptive,0.9421,0.7463872832369942,0.6499750688280902
8,2,3,512,1,sobol,0.88275,0.6603423386265209,0.4288694752811839
8,2,3,512,1,random,0.89815,0.6939575170138172,0.486560931811631
8,2,3,512,1,adaptive,0.87875,0.6508558465663024,0.4372312907687007
32,2,1,64,1,sobol,0.72385,0.4879919946631087,0.025235699004429117
32,2,1,64,1,random,0.7093,0.48198799199466313,0.008418258006679852
32,2,1,64,1,adaptive,0.71385,0.4986657771847899,0.03676648916078292
32,2,1,64,0,sobol,0.72845,0.5124740124740125,0.04395772122958896
32,2,1,64,0,random,0.7075,0.4840609840609841,-0.00022073454018124413
32,2,1,64,0,adaptive,0.7045,0.4972279972279972,0.02843394641312637
8,2,3,512,3,sobol,0.9182,0.6969350411710887,0.5268646217489166
8,2,3,512,3,random,0.9058,0.6784080512351327,0.4720961434927062
8,2,3,512,3,adaptive,0.9223,0.6923604757548033,0.556225141163786
32,2,1,64,3,sobol,0.6615,0.4870601919162547,-8.996587076795734e-05
32,2,1,64,3,random,0.6715,0.4902587961616749,-0.0012086004899997016
32,2,1,64,3,adaptive,0.69515,0.4821168944460599,0.007750199593381702
32,2,1,64,2,sobol,0.70975,0.4913678618857902,0.01097942046437762
32,2,1,64,2,random,0.71095,0.50265604249668,0.018115032724977696
32,2,1,64,2,adaptive,0.74245,0.4956839309428951,0.02928431331909665
32,2,1,64,4,sobol,0.7116,0.48001249219237974,0.009697318278844009
32,2,1,64,4,random,0.64285,0.4909431605246721,0.011580731754448379
32,2,1,64,4,adaptive,0.6737,0.49312929419113055,0.028127424888937467
8,2,3,512,4,sobol,0.9462,0.7410714285714286,0.6568569627704981
8,2,3,512,4,random,0.911,0.6591386554621849,0.4411339048081008
8,2,3,512,4,adaptive,0.94315,0.7271533613445378,0.6444897576559595
32,2,1,128,0,sobol,0.76305,0.5027720027720027,0.07280615960186544
32,2,1,128,0,random,0.73925,0.4875259875259875,0.013887806873755357
32,2,1,128,0,adaptive,0.73935,0.5076230076230076,0.06874049224620932
32,2,1,128,1,sobol,0.75045,0.4839893262174783,0.013043149693992392
32,2,1,128,1,random,0.7505,0.49799866577718477,0.05643842766534988
32,2,1,128,1,adaptive,0.7558,0.49132755170113407,0.03262843232604111
32,2,1,128,2,sobol,0.77095,0.47808764940239046,0.03673454132636482
32,2,1,128,2,random,0.7648,0.48306772908366535,0.01001156250438591
32,2,1,128,2,adaptive,0.78815,0.46945551128818064,0.01731974981125763
32,2,1,128,3,sobol,0.7266,0.4780459435882524,0.014561975124343058
32,2,1,128,3,random,0.7268,0.4853154986914801,0.026473829052849108
32,2,1,128,3,adaptive,0.6811,0.4856062808956092,0.008014476348740423
32,2,1,128,4,sobol,0.7519,0.47845096814490945,0.037889969126666395
32,2,1,128,4,random,0.7097,0.4772017489069332,-0.0012047679029840656
32,2,1,128,4,adaptive,0.7411,0.4740787008119925,0.023120380122959677
32,2,1,256,0,sobol,0.77185,0.4923769923769924,0.08001645964581468
32,2,1,256,0,random,0.7682,0.4889119889119889,0.05314172603995686
32,2,1,256,0,adaptive,0.7935,0.4774774774774775,0.04168030275729944
32,2,1,256,1,sobol,0.77625,0.4809873248832555,0.050641846029946265
32,2,1,256,1,random,0.75465,0.47531687791861243,0.02917468683331042
32,2,1,256,1,adaptive,0.8035,0.48432288192128087,0.046150472771888267
32,2,1,256,2,sobol,0.77015,0.48306772908366535,0.0829691336017867
32,2,1,256,2,random,0.78815,0.4747675962815405,0.061168146414220005
32,2,1,256,2,adaptive,0.81795,0.46613545816733065,0.03622447502534743
32,2,1,256,3,sobol,0.72935,0.4789182902006397,0.014602765356581842
32,2,1,256,3,random,0.7155,0.4870601919162547,0.05195983417235783
32,2,1,256,3,adaptive,0.784,0.468740913056121,0.02339301290217835
32,2,1,256,4,sobol,0.79415,0.47657713928794504,0.06352913048146518
32,2,1,256,4,random,0.7298,0.47251717676452215,0.06314804379270465
32,2,1,256,4,adaptive,0.80095,0.46439725171767643,0.01542567801715715
32,2,1,512,0,sobol,0.77075,0.48267498267498266,0.08796290459000065
32,2,1,512,0,random,0.7719,0.4896049896049896,0.09211017001812889
32,2,1,512,0,adaptive,0.8207,0.47054747054747054,0.039296694615973835
32,2,1,512,1,sobol,0.76185,0.4866577718478986,0.06718919740071332
32,2,1,512,1,random,0.7596,0.5006671114076051,0.07614112765529703
32,2,1,512,1,adaptive,0.8129,0.47364909939959976,0.028311231644742193
32,2,1,512,2,sobol,0.77465,0.4810756972111554,0.07088529072170759
32,2,1,512,2,random,0.7722,0.47377158034528555,0.05055483728016748
32,2,1,512,2,adaptive,0.80975,0.4721115537848606,0.04225740962727409
32,2,3,64,0,sobol,0.5324,0.4386341463414634,-0.021046020742252123
32,2,3,64,0,random,0.5147,0.4741463414634146,0.004247197659590643
32,2,3,64,0,adaptive,0.52385,0.4768780487804878,0.002889543608452612
32,2,3,64,1,sobol,0.57985,0.47198565665620795,-0.007625457384412094
32,2,3,64,1,random,0.57855,0.48767368892873153,0.018990499512869727
32,2,3,64,1,adaptive,0.58235,0.48677722994173017,0.018370438675922376
32,2,3,64,2,sobol,0.56645,0.4599129894344313,0.003325090283599473
32,2,3,64,2,random,0.5571,0.4740004143360265,0.0007897204695566237
32,2,3,64,2,adaptive,0.5157,0.45804847731510256,-0.003277451451630601
32,2,3,64,3,sobol,0.5832,0.46930829134218965,0.024258033276660217
32,2,3,64,3,random,0.55285,0.4857993586807146,0.020877724171649296
32,2,3,64,3,adaptive,0.55265,0.472743930371049,0.005007358847249235
32,2,1,512,4,sobol,0.74185,0.4737663960024984,0.024156321994908463
32,2,1,512,4,random,0.7581,0.48094940662086194,0.04759712277442733
32,2,1,512,4,adaptive,0.81215,0.4675202998126171,0.024061129733064793
32,2,1,512,3,sobol,0.74775,0.4643791799941844,0.008618074244784424
32,2,1,512,3,random,0.76215,0.4704856062808956,0.027076402855960635
32,2,1,512,3,adaptive,0.8024,0.47659203256760685,0.017324613478531124
32,2,3,64,4,sobol,0.62295,0.48196562575647545,0.019920651764101727
32,2,3,64,4,random,0.59395,0.48002904865649965,0.012394264285991493
32,2,3,64,4,adaptive,0.59005,0.48535463568143306,0.011104770171423067
32,2,3,128,0,sobol,0.53395,0.4524878048780488,0.004786860641730711
32,2,3,128,0,random,0.5317,0.41424390243902437,-0.007917578077737191
32,2,3,128,0,adaptive,0.5197,0.44858536585365855,-0.004507661781171262
32,2,3,128,2,sobol,0.6211,0.4292521234721359,-0.019307688478624657
32,2,3,128,2,random,0.5608,0.4528692769836337,-0.002582116131443825
32,2,3,128,2,adaptive,0.5651,0.45452662108970376,-0.009950070784663529
32,2,3,128,1,sobol,0.61415,0.4744509188704617,0.009000223895950154
32,2,3,128,1,random,0.59265,0.4728821156432093,0.006611678440805521
32,2,3,128,1,adaptive,0.60965,0.4802779022859704,0.024674037935674666
32,2,3,128,3,sobol,0.5818,0.4576271186440678,-0.007415746843157825
32,2,3,128,3,random,0.58795,0.45831424644983965,0.010452777015469159
32,2,3,128,3,adaptive,0.60365,0.44983967017865323,-0.033134084291396845
32,2,3,128,4,sobol,0.61995,0.4756717501815541,0.0043937709213582145
32,2,3,128,4,random,0.60515,0.4795449043815057,0.039321921483696884
32,2,3,128,4,adaptive,0.63055,0.46671508109416604,0.007252888387734896
32,2,3,256,0,sobol,0.5456,0.41697560975609754,-0.014298382135357217
32,2,3,256,0,random,0.5388,0.424,0.007694001759421085
32,2,3,256,0,adaptive,0.55435,0.408780487804878,0.0065141575943057925
32,2,3,256,1,sobol,0.6079,0.46974450918870464,0.035668597284570835
32,2,3,256,1,random,0.6283,0.4623487225459435,0.03728795090020919
32,2,3,256,1,adaptive,0.6402,0.45517705064993275,0.020574288466393833
32,2,3,256,2,sobol,0.61175,0.4311166355914647,0.0012919308948220523
32,2,3,256,2,random,0.55325,0.45349078102341,0.012129818515891443
32,2,3,256,2,adaptive,0.62275,0.43339548373731096,0.031223119553796214
32,2,3,256,3,sobol,0.58015,0.4491525423728814,0.04229849391794805
32,2,3,256,3,random,0.58825,0.47801191021530004,0.04219199858933647
32,2,3,256,3,adaptive,0.60695,0.45900137425561155,0.022027310665273792
32,2,3,256,4,sobol,0.6371,0.46017913338174776,0.016130216887866495
32,2,3,256,4,random,0.62935,0.4732510288065844,0.020587284859585737
32,2,3,256,4,adaptive,0.65505,0.4606632776567417,0.052335840487197964
32,2,3,512,0,sobol,0.55525,0.4179512195121951,0.015152744765757932
32,2,3,512,0,random,0.53655,0.4286829268292683,0.0014585567367167173
32,2,3,512,0,adaptive,0.55735,0.39902439024390246,0.013299520100549045
32,2,3,512,1,sobol,0.61495,0.4616763783056925,0.029459715101096694
32,2,3,512,1,random,0.61185,0.47736441057821605,0.011565117177668578
32,2,3,512,1,adaptive,0.65425,0.4497982967279247,0.010936417404204316
32,2,3,512,2,sobol,0.6111,0.42697327532628965,-0.017924558172623818
32,2,3,512,2,random,0.6202,0.4362958359229335,0.010066827481196968
32,2,3,512,2,adaptive,0.638,0.42780194737932464,0.017662790104986382
32,2,3,512,3,sobol,0.60075,0.45029775538250116,0.042206179510380026
32,2,3,512,3,random,0.5874,0.44777828676133763,0.026231662782660547
32,2,3,512,3,adaptive,0.6288,0.445716903344022,0.05083472709636261
32,2,3,512,4,sobol,0.6419,0.4734931009440813,0.04650745523927849
32,2,3,512,4,random,0.64595,0.46332607116920843,0.03632081827321857
32,2,3,512,4,adaptive,0.67,0.4606632776567417,-0.005044659162814538
