dataset,d,seed,cond,metric,value
satellite,36,4,S0_none,auroc_student,0.782
satellite,36,4,S0_none,auroc_teacher,0.83
satellite,36,1,S0_none,auroc_student,0.731
satellite,36,1,S0_none,auroc_teacher,0.826
satellite,36,3,S0_none,auroc_student,0.732
satellite,36,3,S0_none,auroc_teacher,0.842
satellite,36,0,S0_none,auroc_student,0.752
satellite,36,0,S0_none,auroc_teacher,0.847
optdigits,64,4,S0_none,auroc_student,0.89
optdigits,64,4,S0_none,auroc_teacher,0.925
satellite,36,2,S0_none,auroc_student,0.778
satellite,36,2,S0_none,auroc_teacher,0.851
optdigits,64,1,S0_none,auroc_student,0.839
optdigits,64,1,S0_none,auroc_teacher,0.91
optdigits,64,2,S0_none,auroc_student,0.832
optdigits,64,2,S0_none,auroc_teacher,0.878
optdigits,64,0,S0_none,auroc_student,0.93
optdigits,64,0,S0_none,auroc_teacher,0.912
shuttle,9,1,S0_none,auroc_student,0.993
shuttle,9,1,S0_none,auroc_teacher,1.0
shuttle,9,4,S0_none,auroc_student,0.974
shuttle,9,4,S0_none,auroc_teacher,0.999
optdigits,64,3,S0_none,auroc_student,0.757
optdigits,64,3,S0_none,auroc_teacher,0.907
shuttle,9,3,S0_none,auroc_student,0.986
shuttle,9,3,S0_none,auroc_teacher,0.999
shuttle,9,2,S0_none,auroc_student,0.99
shuttle,9,2,S0_none,auroc_teacher,1.0
satellite,36,1,S1_gaussian,auroc_student,0.496
satellite,36,1,S1_gaussian,auroc_teacher,0.826
shuttle,9,0,S0_none,auroc_student,0.991
shuttle,9,0,S0_none,auroc_teacher,0.999
satellite,36,3,S1_gaussian,auroc_student,0.715
satellite,36,3,S1_gaussian,auroc_teacher,0.842
optdigits,64,4,S1_gaussian,auroc_student,0.821
optdigits,64,4,S1_gaussian,auroc_teacher,0.925
satellite,36,4,S1_gaussian,auroc_student,0.694
satellite,36,4,S1_gaussian,auroc_teacher,0.83
optdigits,64,1,S1_gaussian,auroc_student,0.828
optdigits,64,1,S1_gaussian,auroc_teacher,0.91
satellite,36,0,S1_gaussian,auroc_student,0.535
satellite,36,0,S1_gaussian,auroc_teacher,0.847
optdigits,64,0,S1_gaussian,auroc_student,0.869
optdigits,64,0,S1_gaussian,auroc_teacher,0.912
optdigits,64,3,S1_gaussian,auroc_student,0.895
optdigits,64,3,S1_gaussian,auroc_teacher,0.907
optdigits,64,2,S1_gaussian,auroc_student,0.697
optdigits,64,2,S1_gaussian,auroc_teacher,0.878
satellite,36,2,S1_gaussian,auroc_student,0.651
satellite,36,2,S1_gaussian,auroc_teacher,0.851
satellite,36,3,S2_uniform,auroc_student,0.865
satellite,36,3,S2_uniform,auroc_teacher,0.842
optdigits,64,4,S2_uniform,auroc_student,0.764
optdigits,64,4,S2_uniform,auroc_teacher,0.925
satellite,36,4,S2_uniform,auroc_student,0.783
satellite,36,4,S2_uniform,auroc_teacher,0.83
shuttle,9,3,S1_gaussian,auroc_student,0.96
shuttle,9,3,S1_gaussian,auroc_teacher,0.999
optdigits,64,1,S2_uniform,auroc_student,0.823
optdigits,64,1,S2_uniform,auroc_teacher,0.91
optdigits,64,0,S2_uniform,auroc_student,0.865
optdigits,64,0,S2_uniform,auroc_teacher,0.912
optdigits,64,2,S2_uniform,auroc_student,0.563
optdigits,64,2,S2_uniform,auroc_teacher,0.878
satellite,36,1,S2_uniform,auroc_student,0.843
satellite,36,1,S2_uniform,auroc_teacher,0.826
optdigits,64,3,S2_uniform,auroc_student,0.85
optdigits,64,3,S2_uniform,auroc_teacher,0.907
shuttle,9,0,S1_gaussian,auroc_student,0.981
shuttle,9,0,S1_gaussian,auroc_teacher,0.999
satellite,36,2,S2_uniform,auroc_student,0.834
satellite,36,2,S2_uniform,auroc_teacher,0.851
shuttle,9,2,S1_gaussian,auroc_student,0.844
shuttle,9,2,S1_gaussian,auroc_teacher,1.0
shuttle,9,1,S1_gaussian,auroc_student,0.995
shuttle,9,1,S1_gaussian,auroc_teacher,1.0
shuttle,9,4,S1_gaussian,auroc_student,0.999
shuttle,9,4,S1_gaussian,auroc_teacher,0.999
satellite,36,0,S2_uniform,auroc_student,0.818
satellite,36,0,S2_uniform,auroc_teacher,0.847
shuttle,9,0,S2_uniform,auroc_student,0.969
shuttle,9,0,S2_uniform,auroc_teacher,0.999
shuttle,9,2,S2_uniform,auroc_student,0.971
shuttle,9,2,S2_uniform,auroc_teacher,1.0
shuttle,9,3,S2_uniform,auroc_student,0.874
shuttle,9,3,S2_uniform,auroc_teacher,0.999
shuttle,9,4,S2_uniform,auroc_student,0.966
shuttle,9,4,S2_uniform,auroc_teacher,0.999
shuttle,9,1,S2_uniform,auroc_student,0.994
shuttle,9,1,S2_uniform,auroc_teacher,1.0
shuttle,9,4,S3_langevin,auroc_student,0.989
shuttle,9,4,S3_langevin,auroc_teacher,0.999
shuttle,9,2,S3_langevin,auroc_student,0.99
shuttle,9,2,S3_langevin,auroc_teacher,1.0
shuttle,9,0,S3_langevin,auroc_student,0.997
shuttle,9,0,S3_langevin,auroc_teacher,0.999
shuttle,9,3,S3_langevin,auroc_student,0.92
shuttle,9,3,S3_langevin,auroc_teacher,0.999
shuttle,9,1,S3_langevin,auroc_student,0.527
shuttle,9,1,S3_langevin,auroc_teacher,1.0
shuttle,9,4,S4_mixed,auroc_student,0.734
shuttle,9,4,S4_mixed,auroc_teacher,0.999
shuttle,9,2,S4_mixed,auroc_student,0.99
shuttle,9,2,S4_mixed,auroc_teacher,1.0
shuttle,9,0,S4_mixed,auroc_student,0.995
shuttle,9,0,S4_mixed,auroc_teacher,0.999
shuttle,9,3,S4_mixed,auroc_student,0.984
shuttle,9,3,S4_mixed,auroc_teacher,0.999
shuttle,9,1,S4_mixed,auroc_student,0.992
shuttle,9,1,S4_mixed,auroc_teacher,1.0
shuttle,9,4,S5_adaptive,auroc_student,0.998
shuttle,9,4,S5_adaptive,auroc_teacher,0.999
shuttle,9,2,S5_adaptive,auroc_student,0.996
shuttle,9,2,S5_adaptive,auroc_teacher,1.0
shuttle,9,3,S5_adaptive,auroc_student,0.976
shuttle,9,3,S5_adaptive,auroc_teacher,0.999
shuttle,9,0,S5_adaptive,auroc_student,0.986
shuttle,9,0,S5_adaptive,auroc_teacher,0.999
shuttle,9,1,S5_adaptive,auroc_student,0.955
shuttle,9,1,S5_adaptive,auroc_teacher,1.0
satellite,36,3,S3_langevin,auroc_student,0.737
satellite,36,3,S3_langevin,auroc_teacher,0.842
satellite,36,4,S3_langevin,auroc_student,0.687
satellite,36,4,S3_langevin,auroc_teacher,0.83
satellite,36,1,S3_langevin,auroc_student,0.73
satellite,36,1,S3_langevin,auroc_teacher,0.826
satellite,36,2,S3_langevin,auroc_student,0.63
satellite,36,2,S3_langevin,auroc_teacher,0.851
satellite,36,0,S3_langevin,auroc_student,0.779
satellite,36,0,S3_langevin,auroc_teacher,0.847
satellite,36,4,S4_mixed,auroc_student,0.652
satellite,36,4,S4_mixed,auroc_teacher,0.83
satellite,36,3,S4_mixed,auroc_student,0.836
satellite,36,3,S4_mixed,auroc_teacher,0.842
satellite,36,1,S4_mixed,auroc_student,0.767
satellite,36,1,S4_mixed,auroc_teacher,0.826
satellite,36,2,S4_mixed,auroc_student,0.549
satellite,36,2,S4_mixed,auroc_teacher,0.851
satellite,36,0,S4_mixed,auroc_student,0.678
satellite,36,0,S4_mixed,auroc_teacher,0.847
satellite,36,4,S5_adaptive,auroc_student,0.768
satellite,36,4,S5_adaptive,auroc_teacher,0.83
satellite,36,3,S5_adaptive,auroc_student,0.682
satellite,36,3,S5_adaptive,auroc_teacher,0.842
satellite,36,1,S5_adaptive,auroc_student,0.639
satellite,36,1,S5_adaptive,auroc_teacher,0.826
satellite,36,2,S5_adaptive,auroc_student,0.672
satellite,36,2,S5_adaptive,auroc_teacher,0.851
satellite,36,0,S5_adaptive,auroc_student,0.807
satellite,36,0,S5_adaptive,auroc_teacher,0.847
