seed,cond,metric,value
0,S0_none,auroc_teacher_boundary,0.9830080000000001
0,S0_none,auroc_student_boundary,0.90808
0,S0_none,rmse_score_boundary,0.2171342521303344
0,S0_none,spearman_boundary,0.4497368389473557
0,S0_none,auroc_teacher_close,0.999452
0,S0_none,auroc_student_close,0.939836
0,S0_none,rmse_score_close,0.2726356239114246
0,S0_none,spearman_close,0.30459827439309756
0,S0_none,auroc_teacher_medium,1.0
0,S0_none,auroc_student_medium,0.933744
0,S0_none,rmse_score_medium,0.40267717374414214
0,S0_none,spearman_medium,0.16223556094224376
0,S0_none,auroc_teacher_far,1.0
0,S0_none,auroc_student_far,0.8068200000000001
0,S0_none,rmse_score_far,0.7636653040084272
0,S0_none,spearman_far,-0.15089138756555026
0,S0_none,rmse_score_normals,0.14144717008629482
0,S0_none,wall_s,2.5154435634613037
0,S1_gaussian,auroc_teacher_boundary,0.9830080000000001
0,S1_gaussian,auroc_student_boundary,0.94102
0,S1_gaussian,rmse_score_boundary,0.13036561846908037
0,S1_gaussian,spearman_boundary,0.2594436297745191
0,S1_gaussian,auroc_teacher_close,0.999452
0,S1_gaussian,auroc_student_close,0.967252
0,S1_gaussian,rmse_score_close,0.18975074686529503
0,S1_gaussian,spearman_close,-0.12263319453277811
0,S1_gaussian,auroc_teacher_medium,1.0
0,S1_gaussian,auroc_student_medium,0.9567399999999999
0,S1_gaussian,rmse_score_medium,0.2863132908502398
0,S1_gaussian,spearman_medium,0.012954099816399264
0,S1_gaussian,auroc_teacher_far,1.0
0,S1_gaussian,auroc_student_far,0.9371879999999999
0,S1_gaussian,rmse_score_far,0.48155126480185634
0,S1_gaussian,spearman_far,-0.04127910911643646
0,S1_gaussian,rmse_score_normals,0.1304387878649231
0,S1_gaussian,wall_s,5.67421555519104
0,S2_uniform,auroc_teacher_boundary,0.9830080000000001
0,S2_uniform,auroc_student_boundary,0.908848
0,S2_uniform,rmse_score_boundary,0.17574708569392472
0,S2_uniform,spearman_boundary,0.6955529262117048
0,S2_uniform,auroc_teacher_close,0.999452
0,S2_uniform,auroc_student_close,0.9791
0,S2_uniform,rmse_score_close,0.10358780448810247
0,S2_uniform,spearman_close,0.40338334153336614
0,S2_uniform,auroc_teacher_medium,1.0
0,S2_uniform,auroc_student_medium,0.997228
0,S2_uniform,rmse_score_medium,0.10021940898299833
0,S2_uniform,spearman_medium,0.21936058944235773
0,S2_uniform,auroc_teacher_far,1.0
0,S2_uniform,auroc_student_far,0.989948
0,S2_uniform,rmse_score_far,0.2526880594075977
0,S2_uniform,spearman_far,0.6256501506006024
0,S2_uniform,rmse_score_normals,0.16438691765012048
0,S2_uniform,wall_s,5.975736379623413
0,S3_langevin,auroc_teacher_boundary,0.9830080000000001
0,S3_langevin,auroc_student_boundary,0.9224079999999999
0,S3_langevin,rmse_score_boundary,0.1454464314835479
0,S3_langevin,spearman_boundary,0.7596840627362509
0,S3_langevin,auroc_teacher_close,0.999452
0,S3_langevin,auroc_student_close,0.98718
0,S3_langevin,rmse_score_close,0.06947128524308618
0,S3_langevin,spearman_close,0.6913869895479581
0,S3_langevin,auroc_teacher_medium,1.0
0,S3_langevin,auroc_student_medium,0.998396
0,S3_langevin,rmse_score_medium,0.08030556517024846
0,S3_langevin,spearman_medium,0.5347971151884606
0,S3_langevin,auroc_teacher_far,1.0
0,S3_langevin,auroc_student_far,0.999128
0,S3_langevin,rmse_score_far,0.28998176888825833
0,S3_langevin,spearman_far,0.3401543206172824
0,S3_langevin,rmse_score_normals,0.16802120735975656
0,S3_langevin,wall_s,45.05709218978882
0,S4_mixed,auroc_teacher_boundary,0.9830080000000001
0,S4_mixed,auroc_student_boundary,0.903304
0,S4_mixed,rmse_score_boundary,0.1506347167334822
0,S4_mixed,spearman_boundary,0.7465545702182809
0,S4_mixed,auroc_teacher_close,0.999452
0,S4_mixed,auroc_student_close,0.977264
0,S4_mixed,rmse_score_close,0.07767330443771069
0,S4_mixed,spearman_close,0.5539153036612146
0,S4_mixed,auroc_teacher_medium,1.0
0,S4_mixed,auroc_student_medium,0.995844
0,S4_mixed,rmse_score_medium,0.08265624745295225
0,S4_mixed,spearman_medium,0.32562735050940206
0,S4_mixed,auroc_teacher_far,1.0
0,S4_mixed,auroc_student_far,0.988432
0,S4_mixed,rmse_score_far,0.24888744110149225
0,S4_mixed,spearman_far,0.5314091656366625
0,S4_mixed,rmse_score_normals,0.1684693043453049
0,S4_mixed,wall_s,23.8436119556427
0,S5_adaptive,auroc_teacher_boundary,0.9830080000000001
0,S5_adaptive,auroc_student_boundary,0.8850319999999999
0,S5_adaptive,rmse_score_boundary,0.2619185016674383
0,S5_adaptive,spearman_boundary,0.8320455041820167
0,S5_adaptive,auroc_teacher_close,0.999452
0,S5_adaptive,auroc_student_close,0.9736960000000001
0,S5_adaptive,rmse_score_close,0.20532755502912184
0,S5_adaptive,spearman_close,0.6863910335641342
0,S5_adaptive,auroc_teacher_medium,1.0
0,S5_adaptive,auroc_student_medium,0.999176
0,S5_adaptive,rmse_score_medium,0.12671896473153033
0,S5_adaptive,spearman_medium,0.6768705794823179
0,S5_adaptive,auroc_teacher_far,1.0
0,S5_adaptive,auroc_student_far,1.0
0,S5_adaptive,rmse_score_far,0.10775938792213527
0,S5_adaptive,spearman_far,0.8514238536954148
0,S5_adaptive,rmse_score_normals,0.1775694369025895
0,S5_adaptive,wall_s,41.203994274139404
1,S0_none,auroc_teacher_boundary,0.9830080000000001
1,S0_none,auroc_student_boundary,0.9460719999999998
1,S0_none,rmse_score_boundary,0.23166594631155843
1,S0_none,spearman_boundary,0.35031029724118895
1,S0_none,auroc_teacher_close,0.999452
1,S0_none,auroc_student_close,0.9751479999999999
1,S0_none,rmse_score_close,0.3817003666478209
1,S0_none,spearman_close,0.15941852567410267
1,S0_none,auroc_teacher_medium,1.0
1,S0_none,auroc_student_medium,0.9760959999999999
1,S0_none,rmse_score_medium,0.6404478715974729
1,S0_none,spearman_medium,0.24578767115068456
1,S0_none,auroc_teacher_far,1.0
1,S0_none,auroc_student_far,0.941068
1,S0_none,rmse_score_far,0.8175019599010622
1,S0_none,spearman_far,0.005579254317017268
1,S0_none,rmse_score_normals,0.13578854943430332
1,S0_none,wall_s,5.173783540725708
1,S1_gaussian,auroc_teacher_boundary,0.9830080000000001
1,S1_gaussian,auroc_student_boundary,0.93546
1,S1_gaussian,rmse_score_boundary,0.13671885584787108
1,S1_gaussian,spearman_boundary,0.6100538322153288
1,S1_gaussian,auroc_teacher_close,0.999452
1,S1_gaussian,auroc_student_close,0.978464
1,S1_gaussian,rmse_score_close,0.13969109831787582
1,S1_gaussian,spearman_close,0.20814793659174635
1,S1_gaussian,auroc_teacher_medium,1.0
1,S1_gaussian,auroc_student_medium,0.987152
1,S1_gaussian,rmse_score_medium,0.23489718876471952
1,S1_gaussian,spearman_medium,0.06638340153360613
1,S1_gaussian,auroc_teacher_far,1.0
1,S1_gaussian,auroc_student_far,0.9982479999999999
1,S1_gaussian,rmse_score_far,0.258664423944737
1,S1_gaussian,spearman_far,0.20722652490609958
1,S1_gaussian,rmse_score_normals,0.13840498325161532
1,S1_gaussian,wall_s,7.030475378036499
1,S2_uniform,auroc_teacher_boundary,0.9830080000000001
1,S2_uniform,auroc_student_boundary,0.911584
1,S2_uniform,rmse_score_boundary,0.15024097077344084
1,S2_uniform,spearman_boundary,0.7166084984339937
1,S2_uniform,auroc_teacher_close,0.999452
1,S2_uniform,auroc_student_close,0.980904
1,S2_uniform,rmse_score_close,0.10132844353701298
1,S2_uniform,spearman_close,0.5394085896343586
1,S2_uniform,auroc_teacher_medium,1.0
1,S2_uniform,auroc_student_medium,0.998616
1,S2_uniform,rmse_score_medium,0.09527441569067202
1,S2_uniform,spearman_medium,0.3531683246732987
1,S2_uniform,auroc_teacher_far,1.0
1,S2_uniform,auroc_student_far,0.999528
1,S2_uniform,rmse_score_far,0.17254613193587715
1,S2_uniform,spearman_far,0.5494018456073824
1,S2_uniform,rmse_score_normals,0.16435281296411414
1,S2_uniform,wall_s,4.344362497329712
1,S3_langevin,auroc_teacher_boundary,0.9830080000000001
1,S3_langevin,auroc_student_boundary,0.9118120000000001
1,S3_langevin,rmse_score_boundary,0.15471980560933318
1,S3_langevin,spearman_boundary,0.8144722498889996
1,S3_langevin,auroc_teacher_close,0.999452
1,S3_langevin,auroc_student_close,0.9820679999999999
1,S3_langevin,rmse_score_close,0.07637604090526894
1,S3_langevin,spearman_close,0.7105955143820575
1,S3_langevin,auroc_teacher_medium,1.0
1,S3_langevin,auroc_student_medium,0.997456
1,S3_langevin,rmse_score_medium,0.09608559971413357
1,S3_langevin,spearman_medium,0.32151815007260026
1,S3_langevin,auroc_teacher_far,1.0
1,S3_langevin,auroc_student_far,0.9777279999999999
1,S3_langevin,rmse_score_far,0.43724235951671897
1,S3_langevin,spearman_far,-0.09105050820203281
1,S3_langevin,rmse_score_normals,0.1700943274517745
1,S3_langevin,wall_s,42.98149585723877
1,S4_mixed,auroc_teacher_boundary,0.9830080000000001
1,S4_mixed,auroc_student_boundary,0.91444
1,S4_mixed,rmse_score_boundary,0.1434748160902233
1,S4_mixed,spearman_boundary,0.7635295501182005
1,S4_mixed,auroc_teacher_close,0.999452
1,S4_mixed,auroc_student_close,0.9821719999999999
1,S4_mixed,rmse_score_close,0.0822439743537381
1,S4_mixed,spearman_close,0.5417765351061404
1,S4_mixed,auroc_teacher_medium,1.0
1,S4_mixed,auroc_student_medium,0.993036
1,S4_mixed,rmse_score_medium,0.10169900420515449
1,S4_mixed,spearman_medium,0.49714000456001817
1,S4_mixed,auroc_teacher_far,1.0
1,S4_mixed,auroc_student_far,0.99866
1,S4_mixed,rmse_score_far,0.19367351460534682
1,S4_mixed,spearman_far,0.5521844167376669
1,S4_mixed,rmse_score_normals,0.16549391277859118
1,S4_mixed,wall_s,24.25096082687378
1,S5_adaptive,auroc_teacher_boundary,0.9830080000000001
1,S5_adaptive,auroc_student_boundary,0.8936160000000001
1,S5_adaptive,rmse_score_boundary,0.2092472470728087
1,S5_adaptive,spearman_boundary,0.7452013488053951
1,S5_adaptive,auroc_teacher_close,0.999452
1,S5_adaptive,auroc_student_close,0.9621720000000001
1,S5_adaptive,rmse_score_close,0.15939093972682192
1,S5_adaptive,spearman_close,0.5637400789603157
1,S5_adaptive,auroc_teacher_medium,1.0
1,S5_adaptive,auroc_student_medium,0.99358
1,S5_adaptive,rmse_score_medium,0.1202273040130888
1,S5_adaptive,spearman_medium,0.39016015264061055
1,S5_adaptive,auroc_teacher_far,1.0
1,S5_adaptive,auroc_student_far,1.0
1,S5_adaptive,rmse_score_far,0.10469342510674527
1,S5_adaptive,spearman_far,0.7244172656690627
1,S5_adaptive,rmse_score_normals,0.16903886231980672
1,S5_adaptive,wall_s,41.19876194000244
2,S0_none,auroc_teacher_boundary,0.9830080000000001
2,S0_none,auroc_student_boundary,0.910248
2,S0_none,rmse_score_boundary,0.21218887918365587
2,S0_none,spearman_boundary,0.5471043644174577
2,S0_none,auroc_teacher_close,0.999452
2,S0_none,auroc_student_close,0.959644
2,S0_none,rmse_score_close,0.18328484677163603
2,S0_none,spearman_close,0.31767775071100285
2,S0_none,auroc_teacher_medium,1.0
2,S0_none,auroc_student_medium,0.972584
2,S0_none,rmse_score_medium,0.2223489142201814
2,S0_none,spearman_medium,0.1073381253525014
2,S0_none,auroc_teacher_far,1.0
2,S0_none,auroc_student_far,0.7194959999999999
2,S0_none,rmse_score_far,0.8252680344727978
2,S0_none,spearman_far,-0.3095372061488246
2,S0_none,rmse_score_normals,0.1618950868549866
2,S0_none,wall_s,1.595045566558838
2,S1_gaussian,auroc_teacher_boundary,0.9830080000000001
2,S1_gaussian,auroc_student_boundary,0.9399120000000001
2,S1_gaussian,rmse_score_boundary,0.13001327114147693
2,S1_gaussian,spearman_boundary,0.5842988491953968
2,S1_gaussian,auroc_teacher_close,0.999452
2,S1_gaussian,auroc_student_close,0.972888
2,S1_gaussian,rmse_score_close,0.14506388744208357
2,S1_gaussian,spearman_close,0.19471220284881138
2,S1_gaussian,auroc_teacher_medium,1.0
2,S1_gaussian,auroc_student_medium,0.9521200000000001
2,S1_gaussian,rmse_score_medium,0.3080079241336274
2,S1_gaussian,spearman_medium,-0.17108602834411335
2,S1_gaussian,auroc_teacher_far,1.0
2,S1_gaussian,auroc_student_far,0.8834839999999999
2,S1_gaussian,rmse_score_far,0.6037788630348216
2,S1_gaussian,spearman_far,0.24634245736982943
2,S1_gaussian,rmse_score_normals,0.12490650105461899
2,S1_gaussian,wall_s,6.196220874786377
2,S2_uniform,auroc_teacher_boundary,0.9830080000000001
2,S2_uniform,auroc_student_boundary,0.9217479999999999
2,S2_uniform,rmse_score_boundary,0.13311052324408465
2,S2_uniform,spearman_boundary,0.706061320245281
2,S2_uniform,auroc_teacher_close,0.999452
2,S2_uniform,auroc_student_close,0.9842439999999999
2,S2_uniform,rmse_score_close,0.08493054464522164
2,S2_uniform,spearman_close,0.49617952071808286
2,S2_uniform,auroc_teacher_medium,1.0
2,S2_uniform,auroc_student_medium,0.998784
2,S2_uniform,rmse_score_medium,0.12760969957597104
2,S2_uniform,spearman_medium,0.40421000084000336
2,S2_uniform,auroc_teacher_far,1.0
2,S2_uniform,auroc_student_far,0.999996
2,S2_uniform,rmse_score_far,0.16996941413486769
2,S2_uniform,spearman_far,0.5398543194172777
2,S2_uniform,rmse_score_normals,0.16147913811869588
2,S2_uniform,wall_s,3.690372943878174
2,S3_langevin,auroc_teacher_boundary,0.9830080000000001
2,S3_langevin,auroc_student_boundary,0.9186120000000002
2,S3_langevin,rmse_score_boundary,0.13797561945633133
2,S3_langevin,spearman_boundary,0.7140116880467522
2,S3_langevin,auroc_teacher_close,0.999452
2,S3_langevin,auroc_student_close,0.988176
2,S3_langevin,rmse_score_close,0.06262375261069827
2,S3_langevin,spearman_close,0.6101863127452509
2,S3_langevin,auroc_teacher_medium,1.0
2,S3_langevin,auroc_student_medium,0.999436
2,S3_langevin,rmse_score_medium,0.06665319486963475
2,S3_langevin,spearman_medium,0.5561166884667538
2,S3_langevin,auroc_teacher_far,1.0
2,S3_langevin,auroc_student_far,0.99968
2,S3_langevin,rmse_score_far,0.30679434544888207
2,S3_langevin,spearman_far,0.24033763335053338
2,S3_langevin,rmse_score_normals,0.16643795076775855
2,S3_langevin,wall_s,42.65818786621094
2,S4_mixed,auroc_teacher_boundary,0.9830080000000001
2,S4_mixed,auroc_student_boundary,0.9184599999999999
2,S4_mixed,rmse_score_boundary,0.14156934417504197
2,S4_mixed,spearman_boundary,0.7148643634574537
2,S4_mixed,auroc_teacher_close,0.999452
2,S4_mixed,auroc_student_close,0.984432
2,S4_mixed,rmse_score_close,0.06670056345353244
2,S4_mixed,spearman_close,0.6244200016800068
2,S4_mixed,auroc_teacher_medium,1.0
2,S4_mixed,auroc_student_medium,0.99842
2,S4_mixed,rmse_score_medium,0.06885721366414597
2,S4_mixed,spearman_medium,0.5162148008592033
2,S4_mixed,auroc_teacher_far,1.0
2,S4_mixed,auroc_student_far,0.999628
2,S4_mixed,rmse_score_far,0.17437437133068404
2,S4_mixed,spearman_far,0.4679589598358393
2,S4_mixed,rmse_score_normals,0.16404755980441635
2,S4_mixed,wall_s,23.974460124969482
2,S5_adaptive,auroc_teacher_boundary,0.9830080000000001
2,S5_adaptive,auroc_student_boundary,0.892056
2,S5_adaptive,rmse_score_boundary,0.24006347975598763
2,S5_adaptive,spearman_boundary,0.6577794631178524
2,S5_adaptive,auroc_teacher_close,0.999452
2,S5_adaptive,auroc_student_close,0.9635160000000002
2,S5_adaptive,rmse_score_close,0.1836651701119244
2,S5_adaptive,spearman_close,0.3872774531098124
2,S5_adaptive,auroc_teacher_medium,1.0
2,S5_adaptive,auroc_student_medium,0.99288
2,S5_adaptive,rmse_score_medium,0.13658239892381316
2,S5_adaptive,spearman_medium,0.4515840783363133
2,S5_adaptive,auroc_teacher_far,1.0
2,S5_adaptive,auroc_student_far,1.0
2,S5_adaptive,rmse_score_far,0.10063125191908326
2,S5_adaptive,spearman_far,0.7585474181896728
2,S5_adaptive,rmse_score_normals,0.1696501974417679
2,S5_adaptive,wall_s,40.025633096694946
3,S0_none,auroc_teacher_boundary,0.9830080000000001
3,S0_none,auroc_student_boundary,0.9414440000000001
3,S0_none,rmse_score_boundary,0.24510093071438863
3,S0_none,spearman_boundary,0.3062181848727395
3,S0_none,auroc_teacher_close,0.999452
3,S0_none,auroc_student_close,0.96792
3,S0_none,rmse_score_close,0.4170864969133013
3,S0_none,spearman_close,0.04533234132936531
3,S0_none,auroc_teacher_medium,1.0
3,S0_none,auroc_student_medium,0.9434440000000001
3,S0_none,rmse_score_medium,0.6930364669352014
3,S0_none,spearman_medium,0.15475453901815606
3,S0_none,auroc_teacher_far,1.0
3,S0_none,auroc_student_far,0.98278
3,S0_none,rmse_score_far,0.8825296993211813
3,S0_none,spearman_far,0.3349479317917271
3,S0_none,rmse_score_normals,0.12630781553072598
3,S0_none,wall_s,5.227635383605957
3,S1_gaussian,auroc_teacher_boundary,0.9830080000000001
3,S1_gaussian,auroc_student_boundary,0.9286599999999999
3,S1_gaussian,rmse_score_boundary,0.12686395715641277
3,S1_gaussian,spearman_boundary,0.510679898719595
3,S1_gaussian,auroc_teacher_close,0.999452
3,S1_gaussian,auroc_student_close,0.960596
3,S1_gaussian,rmse_score_close,0.1819901011550407
3,S1_gaussian,spearman_close,0.28469086676346705
3,S1_gaussian,auroc_teacher_medium,1.0
3,S1_gaussian,auroc_student_medium,0.9598199999999999
3,S1_gaussian,rmse_score_medium,0.3252223281283008
3,S1_gaussian,spearman_medium,0.27101532406129625
3,S1_gaussian,auroc_teacher_far,1.0
3,S1_gaussian,auroc_student_far,0.9861599999999999
3,S1_gaussian,rmse_score_far,0.32203513139064066
3,S1_gaussian,spearman_far,0.22088430753723015
3,S1_gaussian,rmse_score_normals,0.13117106957183522
3,S1_gaussian,wall_s,5.621313571929932
3,S2_uniform,auroc_teacher_boundary,0.9830080000000001
3,S2_uniform,auroc_student_boundary,0.9162600000000001
3,S2_uniform,rmse_score_boundary,0.14344757971982974
3,S2_uniform,spearman_boundary,0.7067230508922036
3,S2_uniform,auroc_teacher_close,0.999452
3,S2_uniform,auroc_student_close,0.980776
3,S2_uniform,rmse_score_close,0.11596428363948953
3,S2_uniform,spearman_close,0.45504882819531284
3,S2_uniform,auroc_teacher_medium,1.0
3,S2_uniform,auroc_student_medium,0.998564
3,S2_uniform,rmse_score_medium,0.17027953759628361
3,S2_uniform,spearman_medium,0.3786853227412909
3,S2_uniform,auroc_teacher_far,1.0
3,S2_uniform,auroc_student_far,1.0
3,S2_uniform,rmse_score_far,0.2129289859361606
3,S2_uniform,spearman_far,0.35078645914583656
3,S2_uniform,rmse_score_normals,0.16142512252105087
3,S2_uniform,wall_s,6.086373805999756
3,S3_langevin,auroc_teacher_boundary,0.9830080000000001
3,S3_langevin,auroc_student_boundary,0.9154639999999998
3,S3_langevin,rmse_score_boundary,0.16327661460829537
3,S3_langevin,spearman_boundary,0.7226761067044267
3,S3_langevin,auroc_teacher_close,0.999452
3,S3_langevin,auroc_student_close,0.986408
3,S3_langevin,rmse_score_close,0.07846957816526795
3,S3_langevin,spearman_close,0.6250452521810086
3,S3_langevin,auroc_teacher_medium,1.0
3,S3_langevin,auroc_student_medium,0.99866
3,S3_langevin,rmse_score_medium,0.07969926834427467
3,S3_langevin,spearman_medium,0.3875928143712574
3,S3_langevin,auroc_teacher_far,1.0
3,S3_langevin,auroc_student_far,0.6662840000000001
3,S3_langevin,rmse_score_far,0.8509323067952265
3,S3_langevin,spearman_far,-0.10588784755139019
3,S3_langevin,rmse_score_normals,0.1701420224003922
3,S3_langevin,wall_s,42.30061626434326
3,S4_mixed,auroc_teacher_boundary,0.9830080000000001
3,S4_mixed,auroc_student_boundary,0.896708
3,S4_mixed,rmse_score_boundary,0.1771475030514403
3,S4_mixed,spearman_boundary,0.7524514898059591
3,S4_mixed,auroc_teacher_close,0.999452
3,S4_mixed,auroc_student_close,0.974328
3,S4_mixed,rmse_score_close,0.09927038611171611
3,S4_mixed,spearman_close,0.5760095040380162
3,S4_mixed,auroc_teacher_medium,1.0
3,S4_mixed,auroc_student_medium,0.9974040000000001
3,S4_mixed,rmse_score_medium,0.10348464774414479
3,S4_mixed,spearman_medium,0.4599240156960627
3,S4_mixed,auroc_teacher_far,1.0
3,S4_mixed,auroc_student_far,0.9994919999999999
3,S4_mixed,rmse_score_far,0.264990982235186
3,S4_mixed,spearman_far,0.34795079980319915
3,S4_mixed,rmse_score_normals,0.16893611005136958
3,S4_mixed,wall_s,22.060503482818604
3,S5_adaptive,auroc_teacher_boundary,0.9830080000000001
3,S5_adaptive,auroc_student_boundary,0.8967519999999998
3,S5_adaptive,rmse_score_boundary,0.23705093208270947
3,S5_adaptive,spearman_boundary,0.7510696602786411
3,S5_adaptive,auroc_teacher_close,0.999452
3,S5_adaptive,auroc_student_close,0.967036
3,S5_adaptive,rmse_score_close,0.1811776972314988
3,S5_adaptive,spearman_close,0.5616308545234181
3,S5_adaptive,auroc_teacher_medium,1.0
3,S5_adaptive,auroc_student_medium,0.9953120000000001
3,S5_adaptive,rmse_score_medium,0.1351572278522384
3,S5_adaptive,spearman_medium,0.40863715454861815
3,S5_adaptive,auroc_teacher_far,1.0
3,S5_adaptive,auroc_student_far,1.0
3,S5_adaptive,rmse_score_far,0.0756141361789704
3,S5_adaptive,spearman_far,0.7916562226248904
3,S5_adaptive,rmse_score_normals,0.1665512838471068
3,S5_adaptive,wall_s,45.05954623222351
4,S0_none,auroc_teacher_boundary,0.9830080000000001
4,S0_none,auroc_student_boundary,0.93542
4,S0_none,rmse_score_boundary,0.22499112187851908
4,S0_none,spearman_boundary,0.3388296113184453
4,S0_none,auroc_teacher_close,0.999452
4,S0_none,auroc_student_close,0.9633399999999999
4,S0_none,rmse_score_close,0.3976501261932835
4,S0_none,spearman_close,0.0994501578006312
4,S0_none,auroc_teacher_medium,1.0
4,S0_none,auroc_student_medium,0.9545079999999999
4,S0_none,rmse_score_medium,0.7035181903316968
4,S0_none,spearman_medium,0.1776583106332425
4,S0_none,auroc_teacher_far,1.0
4,S0_none,auroc_student_far,0.9931639999999999
4,S0_none,rmse_score_far,0.8717097042869899
4,S0_none,spearman_far,0.538755499021996
4,S0_none,rmse_score_normals,0.1369686217509881
4,S0_none,wall_s,3.125584125518799
4,S1_gaussian,auroc_teacher_boundary,0.9830080000000001
4,S1_gaussian,auroc_student_boundary,0.9438719999999999
4,S1_gaussian,rmse_score_boundary,0.12926440628298067
4,S1_gaussian,spearman_boundary,0.41902958011832053
4,S1_gaussian,auroc_teacher_close,0.999452
4,S1_gaussian,auroc_student_close,0.9773719999999999
4,S1_gaussian,rmse_score_close,0.17140904684553243
4,S1_gaussian,spearman_close,-0.03272729890919564
4,S1_gaussian,auroc_teacher_medium,1.0
4,S1_gaussian,auroc_student_medium,0.928388
4,S1_gaussian,rmse_score_medium,0.3139843806620337
4,S1_gaussian,spearman_medium,-0.05937575750303001
4,S1_gaussian,auroc_teacher_far,1.0
4,S1_gaussian,auroc_student_far,0.82896
4,S1_gaussian,rmse_score_far,0.7396510909875315
4,S1_gaussian,spearman_far,-0.03488010752043008
4,S1_gaussian,rmse_score_normals,0.1246085861249101
4,S1_gaussian,wall_s,7.335345268249512
4,S2_uniform,auroc_teacher_boundary,0.9830080000000001
4,S2_uniform,auroc_student_boundary,0.9479639999999999
4,S2_uniform,rmse_score_boundary,0.11048394423441148
4,S2_uniform,spearman_boundary,0.7502882171528685
4,S2_uniform,auroc_teacher_close,0.999452
4,S2_uniform,auroc_student_close,0.9892040000000001
4,S2_uniform,rmse_score_close,0.10191313350692348
4,S2_uniform,spearman_close,0.4683612974451897
4,S2_uniform,auroc_teacher_medium,1.0
4,S2_uniform,auroc_student_medium,0.994848
4,S2_uniform,rmse_score_medium,0.17808984239194894
4,S2_uniform,spearman_medium,0.2166330265321061
4,S2_uniform,auroc_teacher_far,1.0
4,S2_uniform,auroc_student_far,0.9918640000000001
4,S2_uniform,rmse_score_far,0.32960466143852635
4,S2_uniform,spearman_far,0.17113105252421007
4,S2_uniform,rmse_score_normals,0.1389692609905613
4,S2_uniform,wall_s,3.684628963470459
4,S3_langevin,auroc_teacher_boundary,0.9830080000000001
4,S3_langevin,auroc_student_boundary,0.913604
4,S3_langevin,rmse_score_boundary,0.15590844852993263
4,S3_langevin,spearman_boundary,0.7274261097044388
4,S3_langevin,auroc_teacher_close,0.999452
4,S3_langevin,auroc_student_close,0.9832919999999999
4,S3_langevin,rmse_score_close,0.0738821044772577
4,S3_langevin,spearman_close,0.6373568214272857
4,S3_langevin,auroc_teacher_medium,1.0
4,S3_langevin,auroc_student_medium,0.998344
4,S3_langevin,rmse_score_medium,0.07377147287500291
4,S3_langevin,spearman_medium,0.47444445777783106
4,S3_langevin,auroc_teacher_far,1.0
4,S3_langevin,auroc_student_far,0.963704
4,S3_langevin,rmse_score_far,0.4739917613665934
4,S3_langevin,spearman_far,-0.11025039300157201
4,S3_langevin,rmse_score_normals,0.1741842104196822
4,S3_langevin,wall_s,41.97283887863159
4,S4_mixed,auroc_teacher_boundary,0.9830080000000001
4,S4_mixed,auroc_student_boundary,0.9343960000000001
4,S4_mixed,rmse_score_boundary,0.12438752649898747
4,S4_mixed,spearman_boundary,0.784431617726471
4,S4_mixed,auroc_teacher_close,0.999452
4,S4_mixed,auroc_student_close,0.98706
4,S4_mixed,rmse_score_close,0.06865563456249618
4,S4_mixed,spearman_close,0.5770077160308641
4,S4_mixed,auroc_teacher_medium,1.0
4,S4_mixed,auroc_student_medium,0.995232
4,S4_mixed,rmse_score_medium,0.1324089051663494
4,S4_mixed,spearman_medium,0.2679343837375349
4,S4_mixed,auroc_teacher_far,1.0
4,S4_mixed,auroc_student_far,0.993236
4,S4_mixed,rmse_score_far,0.34465981358405323
4,S4_mixed,spearman_far,0.15130217320869283
4,S4_mixed,rmse_score_normals,0.14332827361749745
4,S4_mixed,wall_s,24.76360535621643
4,S5_adaptive,auroc_teacher_boundary,0.9830080000000001
4,S5_adaptive,auroc_student_boundary,0.8980600000000001
4,S5_adaptive,rmse_score_boundary,0.21587419303013786
4,S5_adaptive,spearman_boundary,0.6675952143808576
4,S5_adaptive,auroc_teacher_close,0.999452
4,S5_adaptive,auroc_student_close,0.969988
4,S5_adaptive,rmse_score_close,0.15068251903052385
4,S5_adaptive,spearman_close,0.49338082152328605
4,S5_adaptive,auroc_teacher_medium,1.0
4,S5_adaptive,auroc_student_medium,0.996744
4,S5_adaptive,rmse_score_medium,0.09325515273587624
4,S5_adaptive,spearman_medium,0.5881443365773463
4,S5_adaptive,auroc_teacher_far,1.0
4,S5_adaptive,auroc_student_far,1.0
4,S5_adaptive,rmse_score_far,0.10012395190791472
4,S5_adaptive,spearman_far,0.8633354853419413
4,S5_adaptive,rmse_score_normals,0.1668191056974453
4,S5_adaptive,wall_s,40.659971475601196
5,S0_none,auroc_teacher_boundary,0.9830080000000001
5,S0_none,auroc_student_boundary,0.9228679999999999
5,S0_none,rmse_score_boundary,0.20523251751740684
5,S0_none,spearman_boundary,0.3897212388849555
5,S0_none,auroc_teacher_close,0.999452
5,S0_none,auroc_student_close,0.961948
5,S0_none,rmse_score_close,0.272643985620241
5,S0_none,spearman_close,0.08083654734618938
5,S0_none,auroc_teacher_medium,1.0
5,S0_none,auroc_student_medium,0.9749
5,S0_none,rmse_score_medium,0.4099751799047765
5,S0_none,spearman_medium,0.04546856587426349
5,S0_none,auroc_teacher_far,1.0
5,S0_none,auroc_student_far,0.995992
5,S0_none,rmse_score_far,0.36432192599893753
5,S0_none,spearman_far,0.397126804507218
5,S0_none,rmse_score_normals,0.14245806726858437
5,S0_none,wall_s,3.1278302669525146
5,S1_gaussian,auroc_teacher_boundary,0.9830080000000001
5,S1_gaussian,auroc_student_boundary,0.939848
5,S1_gaussian,rmse_score_boundary,0.14136204782367506
5,S1_gaussian,spearman_boundary,0.4000915843663374
5,S1_gaussian,auroc_teacher_close,0.999452
5,S1_gaussian,auroc_student_close,0.9639920000000001
5,S1_gaussian,rmse_score_close,0.19627941320229517
5,S1_gaussian,spearman_close,0.19344682178728714
5,S1_gaussian,auroc_teacher_medium,1.0
5,S1_gaussian,auroc_student_medium,0.9612280000000001
5,S1_gaussian,rmse_score_medium,0.2807887738271666
5,S1_gaussian,spearman_medium,0.26863537854151415
5,S1_gaussian,auroc_teacher_far,1.0
5,S1_gaussian,auroc_student_far,0.9743759999999999
5,S1_gaussian,rmse_score_far,0.4539358277807474
5,S1_gaussian,spearman_far,-0.05031754527018108
5,S1_gaussian,rmse_score_normals,0.1304443893320057
5,S1_gaussian,wall_s,8.688360214233398
5,S2_uniform,auroc_teacher_boundary,0.9830080000000001
5,S2_uniform,auroc_student_boundary,0.9170280000000001
5,S2_uniform,rmse_score_boundary,0.14420521004103698
5,S2_uniform,spearman_boundary,0.7179177516710067
5,S2_uniform,auroc_teacher_close,0.999452
5,S2_uniform,auroc_student_close,0.983964
5,S2_uniform,rmse_score_close,0.08618999351508344
5,S2_uniform,spearman_close,0.5863861855447421
5,S2_uniform,auroc_teacher_medium,1.0
5,S2_uniform,auroc_student_medium,0.999676
5,S2_uniform,rmse_score_medium,0.057772039464128296
5,S2_uniform,spearman_medium,0.5165143220572882
5,S2_uniform,auroc_teacher_far,1.0
5,S2_uniform,auroc_student_far,0.998968
5,S2_uniform,rmse_score_far,0.31176383958299736
5,S2_uniform,spearman_far,-0.20180327121308483
5,S2_uniform,rmse_score_normals,0.16656040460342197
5,S2_uniform,wall_s,6.049528121948242
5,S3_langevin,auroc_teacher_boundary,0.9830080000000001
5,S3_langevin,auroc_student_boundary,0.924832
5,S3_langevin,rmse_score_boundary,0.13245708974265577
5,S3_langevin,spearman_boundary,0.7895818463273854
5,S3_langevin,auroc_teacher_close,0.999452
5,S3_langevin,auroc_student_close,0.989324
5,S3_langevin,rmse_score_close,0.06630365897497828
5,S3_langevin,spearman_close,0.698003912015648
5,S3_langevin,auroc_teacher_medium,1.0
5,S3_langevin,auroc_student_medium,0.999836
5,S3_langevin,rmse_score_medium,0.05769782548653028
5,S3_langevin,spearman_medium,0.5181744566978267
5,S3_langevin,auroc_teacher_far,1.0
5,S3_langevin,auroc_student_far,1.0
5,S3_langevin,rmse_score_far,0.30441025581252706
5,S3_langevin,spearman_far,0.019454861819447278
5,S3_langevin,rmse_score_normals,0.1675668206771382
5,S3_langevin,wall_s,43.181748390197754
5,S4_mixed,auroc_teacher_boundary,0.9830080000000001
5,S4_mixed,auroc_student_boundary,0.9215999999999999
5,S4_mixed,rmse_score_boundary,0.13809921757831195
5,S4_mixed,spearman_boundary,0.777372613490454
5,S4_mixed,auroc_teacher_close,0.999452
5,S4_mixed,auroc_student_close,0.988996
5,S4_mixed,rmse_score_close,0.06889272459231421
5,S4_mixed,spearman_close,0.6939083436333745
5,S4_mixed,auroc_teacher_medium,1.0
5,S4_mixed,auroc_student_medium,0.999868
5,S4_mixed,rmse_score_medium,0.05764281856092491
5,S4_mixed,spearman_medium,0.5282123528494114
5,S4_mixed,auroc_teacher_far,1.0
5,S4_mixed,auroc_student_far,0.999896
5,S4_mixed,rmse_score_far,0.24779211882180222
5,S4_mixed,spearman_far,0.1183624254497018
5,S4_mixed,rmse_score_normals,0.16602645962617937
5,S4_mixed,wall_s,24.51719307899475
5,S5_adaptive,auroc_teacher_boundary,0.9830080000000001
5,S5_adaptive,auroc_student_boundary,0.893516
5,S5_adaptive,rmse_score_boundary,0.2310500391052251
5,S5_adaptive,spearman_boundary,0.6568497953991815
5,S5_adaptive,auroc_teacher_close,0.999452
5,S5_adaptive,auroc_student_close,0.96938
5,S5_adaptive,rmse_score_close,0.1694301229158342
5,S5_adaptive,spearman_close,0.38494147576590304
5,S5_adaptive,auroc_teacher_medium,1.0
5,S5_adaptive,auroc_student_medium,0.994832
5,S5_adaptive,rmse_score_medium,0.12199988415495767
5,S5_adaptive,spearman_medium,0.46059957039828164
5,S5_adaptive,auroc_teacher_far,1.0
5,S5_adaptive,auroc_student_far,1.0
5,S5_adaptive,rmse_score_far,0.0908362374138132
5,S5_adaptive,spearman_far,0.8014456697826792
5,S5_adaptive,rmse_score_normals,0.17141322700229064
5,S5_adaptive,wall_s,41.57981467247009
6,S0_none,auroc_teacher_boundary,0.9830080000000001
6,S0_none,auroc_student_boundary,0.8891519999999999
6,S0_none,rmse_score_boundary,0.2418499208551003
6,S0_none,spearman_boundary,0.3305129060516242
6,S0_none,auroc_teacher_close,0.999452
6,S0_none,auroc_student_close,0.939624
6,S0_none,rmse_score_close,0.23617346412530765
6,S0_none,spearman_close,-0.005248532994131976
6,S0_none,auroc_teacher_medium,1.0
6,S0_none,auroc_student_medium,0.962096
6,S0_none,rmse_score_medium,0.31607782110898797
6,S0_none,spearman_medium,-0.057060036240144954
6,S0_none,auroc_teacher_far,1.0
6,S0_none,auroc_student_far,0.9622439999999999
6,S0_none,rmse_score_far,0.5107055841072913
6,S0_none,spearman_far,0.16165456661826647
6,S0_none,rmse_score_normals,0.16324259891722767
6,S0_none,wall_s,2.238574504852295
6,S1_gaussian,auroc_teacher_boundary,0.9830080000000001
6,S1_gaussian,auroc_student_boundary,0.944772
6,S1_gaussian,rmse_score_boundary,0.1566656602362626
6,S1_gaussian,spearman_boundary,0.5351199644798579
6,S1_gaussian,auroc_teacher_close,0.999452
6,S1_gaussian,auroc_student_close,0.97986
6,S1_gaussian,rmse_score_close,0.2034980068677503
6,S1_gaussian,spearman_close,0.3112243168972676
6,S1_gaussian,auroc_teacher_medium,1.0
6,S1_gaussian,auroc_student_medium,0.9468679999999999
6,S1_gaussian,rmse_score_medium,0.3107328900228651
6,S1_gaussian,spearman_medium,0.23433290533162132
6,S1_gaussian,auroc_teacher_far,1.0
6,S1_gaussian,auroc_student_far,0.921604
6,S1_gaussian,rmse_score_far,0.5780577156146208
6,S1_gaussian,spearman_far,0.3032021408085632
6,S1_gaussian,rmse_score_normals,0.1263366723364576
6,S1_gaussian,wall_s,8.066756248474121
6,S2_uniform,auroc_teacher_boundary,0.9830080000000001
6,S2_uniform,auroc_student_boundary,0.921288
6,S2_uniform,rmse_score_boundary,0.1479345904783081
6,S2_uniform,spearman_boundary,0.7368212832851332
6,S2_uniform,auroc_teacher_close,0.999452
6,S2_uniform,auroc_student_close,0.988016
6,S2_uniform,rmse_score_close,0.08520975667742807
6,S2_uniform,spearman_close,0.6138577514310057
6,S2_uniform,auroc_teacher_medium,1.0
6,S2_uniform,auroc_student_medium,0.999908
6,S2_uniform,rmse_score_medium,0.05293335363376289
6,S2_uniform,spearman_medium,0.5870517562070248
6,S2_uniform,auroc_teacher_far,1.0
6,S2_uniform,auroc_student_far,1.0
6,S2_uniform,rmse_score_far,0.1797706196216252
6,S2_uniform,spearman_far,0.3173273493093972
6,S2_uniform,rmse_score_normals,0.16591367053769707
6,S2_uniform,wall_s,4.744446277618408
6,S3_langevin,auroc_teacher_boundary,0.9830080000000001
6,S3_langevin,auroc_student_boundary,0.9205079999999999
6,S3_langevin,rmse_score_boundary,0.14144599099525745
6,S3_langevin,spearman_boundary,0.752881379525518
6,S3_langevin,auroc_teacher_close,0.999452
6,S3_langevin,auroc_student_close,0.986548
6,S3_langevin,rmse_score_close,0.06529014990729554
6,S3_langevin,spearman_close,0.6402472009888039
6,S3_langevin,auroc_teacher_medium,1.0
6,S3_langevin,auroc_student_medium,0.9981599999999999
6,S3_langevin,rmse_score_medium,0.06284725166989381
6,S3_langevin,spearman_medium,0.5625304741218965
6,S3_langevin,auroc_teacher_far,1.0
6,S3_langevin,auroc_student_far,0.927936
6,S3_langevin,rmse_score_far,0.5291044857529333
6,S3_langevin,spearman_far,-0.11230345721382885
6,S3_langevin,rmse_score_normals,0.16967912644204672
6,S3_langevin,wall_s,43.09173512458801
6,S4_mixed,auroc_teacher_boundary,0.9830080000000001
6,S4_mixed,auroc_student_boundary,0.9190520000000001
6,S4_mixed,rmse_score_boundary,0.14785441233264665
6,S4_mixed,spearman_boundary,0.7106108744434977
6,S4_mixed,auroc_teacher_close,0.999452
6,S4_mixed,auroc_student_close,0.985244
6,S4_mixed,rmse_score_close,0.07343213121189551
6,S4_mixed,spearman_close,0.6455958623834495
6,S4_mixed,auroc_teacher_medium,1.0
6,S4_mixed,auroc_student_medium,0.998932
6,S4_mixed,rmse_score_medium,0.06637158672018384
6,S4_mixed,spearman_medium,0.6034912459649838
6,S4_mixed,auroc_teacher_far,1.0
6,S4_mixed,auroc_student_far,0.9999399999999999
6,S4_mixed,rmse_score_far,0.19391988041223285
6,S4_mixed,spearman_far,0.3678165432661731
6,S4_mixed,rmse_score_normals,0.16466743426475888
6,S4_mixed,wall_s,24.518927812576294
6,S5_adaptive,auroc_teacher_boundary,0.9830080000000001
6,S5_adaptive,auroc_student_boundary,0.8924639999999998
6,S5_adaptive,rmse_score_boundary,0.2545851641232039
6,S5_adaptive,spearman_boundary,0.7820928563714254
6,S5_adaptive,auroc_teacher_close,0.999452
6,S5_adaptive,auroc_student_close,0.976932
6,S5_adaptive,rmse_score_close,0.1820076352313149
6,S5_adaptive,spearman_close,0.5491379405517622
6,S5_adaptive,auroc_teacher_medium,1.0
6,S5_adaptive,auroc_student_medium,0.998904
6,S5_adaptive,rmse_score_medium,0.10169180906167662
6,S5_adaptive,spearman_medium,0.5578414313657255
6,S5_adaptive,auroc_teacher_far,1.0
6,S5_adaptive,auroc_student_far,1.0
6,S5_adaptive,rmse_score_far,0.09057230019526812
6,S5_adaptive,spearman_far,0.8832956931827727
6,S5_adaptive,rmse_score_normals,0.1754222666445793
6,S5_adaptive,wall_s,46.00230622291565
7,S0_none,auroc_teacher_boundary,0.9830080000000001
7,S0_none,auroc_student_boundary,0.921244
7,S0_none,rmse_score_boundary,0.1990130083655171
7,S0_none,spearman_boundary,0.38394067176268704
7,S0_none,auroc_teacher_close,0.999452
7,S0_none,auroc_student_close,0.9497680000000001
7,S0_none,rmse_score_close,0.25472462183122535
7,S0_none,spearman_close,0.07696725186900748
7,S0_none,auroc_teacher_medium,1.0
7,S0_none,auroc_student_medium,0.9218360000000001
7,S0_none,rmse_score_medium,0.37722015148806814
7,S0_none,spearman_medium,-0.03787887151548606
7,S0_none,auroc_teacher_far,1.0
7,S0_none,auroc_student_far,0.84178
7,S0_none,rmse_score_far,0.6549167045985564
7,S0_none,spearman_far,-0.05045338581354326
7,S0_none,rmse_score_normals,0.14046625361364382
7,S0_none,wall_s,3.7216339111328125
7,S1_gaussian,auroc_teacher_boundary,0.9830080000000001
7,S1_gaussian,auroc_student_boundary,0.923944
7,S1_gaussian,rmse_score_boundary,0.15115987880999607
7,S1_gaussian,spearman_boundary,0.45212763251053
7,S1_gaussian,auroc_teacher_close,0.999452
7,S1_gaussian,auroc_student_close,0.95226
7,S1_gaussian,rmse_score_close,0.1793718546478479
7,S1_gaussian,spearman_close,0.009424261697046786
7,S1_gaussian,auroc_teacher_medium,1.0
7,S1_gaussian,auroc_student_medium,0.9422280000000001
7,S1_gaussian,rmse_score_medium,0.27503908938386884
7,S1_gaussian,spearman_medium,-0.0535561182244729
7,S1_gaussian,auroc_teacher_far,1.0
7,S1_gaussian,auroc_student_far,0.947848
7,S1_gaussian,rmse_score_far,0.4966478914553146
7,S1_gaussian,spearman_far,0.09843274573098292
7,S1_gaussian,rmse_score_normals,0.13741687805975386
7,S1_gaussian,wall_s,6.04672908782959
7,S2_uniform,auroc_teacher_boundary,0.9830080000000001
7,S2_uniform,auroc_student_boundary,0.934168
7,S2_uniform,rmse_score_boundary,0.123444068855005
7,S2_uniform,spearman_boundary,0.6906425065700262
7,S2_uniform,auroc_teacher_close,0.999452
7,S2_uniform,auroc_student_close,0.9901040000000001
7,S2_uniform,rmse_score_close,0.07839591376965678
7,S2_uniform,spearman_close,0.362941835767343
7,S2_uniform,auroc_teacher_medium,1.0
7,S2_uniform,auroc_student_medium,0.98548
7,S2_uniform,rmse_score_medium,0.16546266731882608
7,S2_uniform,spearman_medium,0.31624561698246795
7,S2_uniform,auroc_teacher_far,1.0
7,S2_uniform,auroc_student_far,0.999696
7,S2_uniform,rmse_score_far,0.22514048369677925
7,S2_uniform,spearman_far,0.27174387097548386
7,S2_uniform,rmse_score_normals,0.15163012768982947
7,S2_uniform,wall_s,6.199811697006226
7,S3_langevin,auroc_teacher_boundary,0.9830080000000001
7,S3_langevin,auroc_student_boundary,0.9132520000000001
7,S3_langevin,rmse_score_boundary,0.15152652412154527
7,S3_langevin,spearman_boundary,0.7094250777003107
7,S3_langevin,auroc_teacher_close,0.999452
7,S3_langevin,auroc_student_close,0.9845079999999999
7,S3_langevin,rmse_score_close,0.07635541359492544
7,S3_langevin,spearman_close,0.45059786639146554
7,S3_langevin,auroc_teacher_medium,1.0
7,S3_langevin,auroc_student_medium,0.995316
7,S3_langevin,rmse_score_medium,0.0923301154599086
7,S3_langevin,spearman_medium,0.33763095052380204
7,S3_langevin,auroc_teacher_far,1.0
7,S3_langevin,auroc_student_far,0.899332
7,S3_langevin,rmse_score_far,0.518394267449225
7,S3_langevin,spearman_far,0.17039799359197436
7,S3_langevin,rmse_score_normals,0.1689936707348184
7,S3_langevin,wall_s,43.59088897705078
7,S4_mixed,auroc_teacher_boundary,0.9830080000000001
7,S4_mixed,auroc_student_boundary,0.9082840000000001
7,S4_mixed,rmse_score_boundary,0.16372626808142374
7,S4_mixed,spearman_boundary,0.7556703826815306
7,S4_mixed,auroc_teacher_close,0.999452
7,S4_mixed,auroc_student_close,0.979952
7,S4_mixed,rmse_score_close,0.092097242450735
7,S4_mixed,spearman_close,0.5433530534122136
7,S4_mixed,auroc_teacher_medium,1.0
7,S4_mixed,auroc_student_medium,0.995088
7,S4_mixed,rmse_score_medium,0.09461039140353111
7,S4_mixed,spearman_medium,0.4217556070224281
7,S4_mixed,auroc_teacher_far,1.0
7,S4_mixed,auroc_student_far,0.987984
7,S4_mixed,rmse_score_far,0.2797435636655511
7,S4_mixed,spearman_far,0.3199614078456313
7,S4_mixed,rmse_score_normals,0.1669307936103379
7,S4_mixed,wall_s,24.318100690841675
7,S5_adaptive,auroc_teacher_boundary,0.9830080000000001
7,S5_adaptive,auroc_student_boundary,0.8859599999999999
7,S5_adaptive,rmse_score_boundary,0.24534151008386107
7,S5_adaptive,spearman_boundary,0.8262086808347233
7,S5_adaptive,auroc_teacher_close,0.999452
7,S5_adaptive,auroc_student_close,0.977528
7,S5_adaptive,rmse_score_close,0.18548171771607586
7,S5_adaptive,spearman_close,0.7064929379717518
7,S5_adaptive,auroc_teacher_medium,1.0
7,S5_adaptive,auroc_student_medium,0.998972
7,S5_adaptive,rmse_score_medium,0.11550697910218688
7,S5_adaptive,spearman_medium,0.689439621758487
7,S5_adaptive,auroc_teacher_far,1.0
7,S5_adaptive,auroc_student_far,1.0
7,S5_adaptive,rmse_score_far,0.12626271351100293
7,S5_adaptive,spearman_far,0.8521338725354901
7,S5_adaptive,rmse_score_normals,0.17937936239584776
7,S5_adaptive,wall_s,42.93435716629028
8,S0_none,auroc_teacher_boundary,0.9830080000000001
8,S0_none,auroc_student_boundary,0.8704640000000001
8,S0_none,rmse_score_boundary,0.2761124141029085
8,S0_none,spearman_boundary,0.2591110844443378
8,S0_none,auroc_teacher_close,0.999452
8,S0_none,auroc_student_close,0.908612
8,S0_none,rmse_score_close,0.3002060806108565
8,S0_none,spearman_close,-0.13840096960387843
8,S0_none,auroc_teacher_medium,1.0
8,S0_none,auroc_student_medium,0.926864
8,S0_none,rmse_score_medium,0.4225054304786325
8,S0_none,spearman_medium,-0.10563680654722618
8,S0_none,auroc_teacher_far,1.0
8,S0_none,auroc_student_far,0.962072
8,S0_none,rmse_score_far,0.5926959649827152
8,S0_none,spearman_far,0.2860113520454082
8,S0_none,rmse_score_normals,0.16791561637172803
8,S0_none,wall_s,1.9699156284332275
8,S1_gaussian,auroc_teacher_boundary,0.9830080000000001
8,S1_gaussian,auroc_student_boundary,0.899268
8,S1_gaussian,rmse_score_boundary,0.18900773299439183
8,S1_gaussian,spearman_boundary,0.4405976023904095
8,S1_gaussian,auroc_teacher_close,0.999452
8,S1_gaussian,auroc_student_close,0.9569239999999999
8,S1_gaussian,rmse_score_close,0.16923291147623548
8,S1_gaussian,spearman_close,0.09421506486025945
8,S1_gaussian,auroc_teacher_medium,1.0
8,S1_gaussian,auroc_student_medium,0.980868
8,S1_gaussian,rmse_score_medium,0.2238319092587937
8,S1_gaussian,spearman_medium,-0.009363397453589812
8,S1_gaussian,auroc_teacher_far,1.0
8,S1_gaussian,auroc_student_far,0.996196
8,S1_gaussian,rmse_score_far,0.3140627565184659
8,S1_gaussian,spearman_far,0.28322129288517156
8,S1_gaussian,rmse_score_normals,0.1622316116500639
8,S1_gaussian,wall_s,4.993060350418091
8,S2_uniform,auroc_teacher_boundary,0.9830080000000001
8,S2_uniform,auroc_student_boundary,0.9206680000000002
8,S2_uniform,rmse_score_boundary,0.15414811653550597
8,S2_uniform,spearman_boundary,0.6514009096036384
8,S2_uniform,auroc_teacher_close,0.999452
8,S2_uniform,auroc_student_close,0.980416
8,S2_uniform,rmse_score_close,0.1031615681217353
8,S2_uniform,spearman_close,0.39247577790311156
8,S2_uniform,auroc_teacher_medium,1.0
8,S2_uniform,auroc_student_medium,0.998864
8,S2_uniform,rmse_score_medium,0.0889571096093092
8,S2_uniform,spearman_medium,0.3204900819603278
8,S2_uniform,auroc_teacher_far,1.0
8,S2_uniform,auroc_student_far,0.999404
8,S2_uniform,rmse_score_far,0.199519049744374
8,S2_uniform,spearman_far,0.4279838239352957
8,S2_uniform,rmse_score_normals,0.16196202474962126
8,S2_uniform,wall_s,9.15179705619812
8,S3_langevin,auroc_teacher_boundary,0.9830080000000001
8,S3_langevin,auroc_student_boundary,0.909764
8,S3_langevin,rmse_score_boundary,0.15532517208041252
8,S3_langevin,spearman_boundary,0.7009471877887512
8,S3_langevin,auroc_teacher_close,0.999452
8,S3_langevin,auroc_student_close,0.983564
8,S3_langevin,rmse_score_close,0.07459932740777964
8,S3_langevin,spearman_close,0.4458605354421417
8,S3_langevin,auroc_teacher_medium,1.0
8,S3_langevin,auroc_student_medium,0.9948440000000001
8,S3_langevin,rmse_score_medium,0.09506900164558994
8,S3_langevin,spearman_medium,0.2680758883035532
8,S3_langevin,auroc_teacher_far,1.0
8,S3_langevin,auroc_student_far,0.8764799999999999
8,S3_langevin,rmse_score_far,0.5495737873304681
8,S3_langevin,spearman_far,0.15059081036324143
8,S3_langevin,rmse_score_normals,0.17123768859718153
8,S3_langevin,wall_s,42.3947548866272
8,S4_mixed,auroc_teacher_boundary,0.9830080000000001
8,S4_mixed,auroc_student_boundary,0.918672
8,S4_mixed,rmse_score_boundary,0.15491953267739322
8,S4_mixed,spearman_boundary,0.7206696026784107
8,S4_mixed,auroc_teacher_close,0.999452
8,S4_mixed,auroc_student_close,0.987212
8,S4_mixed,rmse_score_close,0.08425207488991969
8,S4_mixed,spearman_close,0.5099800559202236
8,S4_mixed,auroc_teacher_medium,1.0
8,S4_mixed,auroc_student_medium,0.999708
8,S4_mixed,rmse_score_medium,0.07017380830224708
8,S4_mixed,spearman_medium,0.4491969327877311
8,S4_mixed,auroc_teacher_far,1.0
8,S4_mixed,auroc_student_far,0.99988
8,S4_mixed,rmse_score_far,0.2175976902465266
8,S4_mixed,spearman_far,0.18907794031176123
8,S4_mixed,rmse_score_normals,0.1690096781570476
8,S4_mixed,wall_s,24.721994161605835
8,S5_adaptive,auroc_teacher_boundary,0.9830080000000001
8,S5_adaptive,auroc_student_boundary,0.891452
8,S5_adaptive,rmse_score_boundary,0.26631017144752916
8,S5_adaptive,spearman_boundary,0.8205761463045851
8,S5_adaptive,auroc_teacher_close,0.999452
8,S5_adaptive,auroc_student_close,0.979812
8,S5_adaptive,rmse_score_close,0.20088547308455149
8,S5_adaptive,spearman_close,0.6113099012396049
8,S5_adaptive,auroc_teacher_medium,1.0
8,S5_adaptive,auroc_student_medium,0.999428
8,S5_adaptive,rmse_score_medium,0.12311683083845827
8,S5_adaptive,spearman_medium,0.5599055356221425
8,S5_adaptive,auroc_teacher_far,1.0
8,S5_adaptive,auroc_student_far,1.0
8,S5_adaptive,rmse_score_far,0.11713944943890449
8,S5_adaptive,spearman_far,0.7449632678530713
8,S5_adaptive,rmse_score_normals,0.17780247820179718
8,S5_adaptive,wall_s,41.92438244819641
9,S0_none,auroc_teacher_boundary,0.9830080000000001
9,S0_none,auroc_student_boundary,0.879224
9,S0_none,rmse_score_boundary,0.2585251222355612
9,S0_none,spearman_boundary,0.3681695366781467
9,S0_none,auroc_teacher_close,0.999452
9,S0_none,auroc_student_close,0.9387000000000001
9,S0_none,rmse_score_close,0.23761253331602974
9,S0_none,spearman_close,-0.0737436549746199
9,S0_none,auroc_teacher_medium,1.0
9,S0_none,auroc_student_medium,0.970088
9,S0_none,rmse_score_medium,0.2862281710178456
9,S0_none,spearman_medium,-0.1286147864591458
9,S0_none,auroc_teacher_far,1.0
9,S0_none,auroc_student_far,0.985968
9,S0_none,rmse_score_far,0.4256115552151996
9,S0_none,spearman_far,0.17529180516722065
9,S0_none,rmse_score_normals,0.1677466211414277
9,S0_none,wall_s,1.811619520187378
9,S1_gaussian,auroc_teacher_boundary,0.9830080000000001
9,S1_gaussian,auroc_student_boundary,0.941756
9,S1_gaussian,rmse_score_boundary,0.12965065633440306
9,S1_gaussian,spearman_boundary,0.4772171408685635
9,S1_gaussian,auroc_teacher_close,0.999452
9,S1_gaussian,auroc_student_close,0.9707680000000001
9,S1_gaussian,rmse_score_close,0.18389346210614407
9,S1_gaussian,spearman_close,0.31037797751191004
9,S1_gaussian,auroc_teacher_medium,1.0
9,S1_gaussian,auroc_student_medium,0.9648359999999999
9,S1_gaussian,rmse_score_medium,0.26078673765023536
9,S1_gaussian,spearman_medium,0.26510390841563364
9,S1_gaussian,auroc_teacher_far,1.0
9,S1_gaussian,auroc_student_far,0.9798959999999999
9,S1_gaussian,rmse_score_far,0.40807620975990416
9,S1_gaussian,spearman_far,0.0644318097272389
9,S1_gaussian,rmse_score_normals,0.12910776109694558
9,S1_gaussian,wall_s,5.940221786499023
9,S2_uniform,auroc_teacher_boundary,0.9830080000000001
9,S2_uniform,auroc_student_boundary,0.9396680000000001
9,S2_uniform,rmse_score_boundary,0.11682533370477308
9,S2_uniform,spearman_boundary,0.7515349741398965
9,S2_uniform,auroc_teacher_close,0.999452
9,S2_uniform,auroc_student_close,0.986916
9,S2_uniform,rmse_score_close,0.10665974921148898
9,S2_uniform,spearman_close,0.4591841407365629
9,S2_uniform,auroc_teacher_medium,1.0
9,S2_uniform,auroc_student_medium,0.9954919999999999
9,S2_uniform,rmse_score_medium,0.1891039149346411
9,S2_uniform,spearman_medium,0.19672849891399566
9,S2_uniform,auroc_teacher_far,1.0
9,S2_uniform,auroc_student_far,0.998904
9,S2_uniform,rmse_score_far,0.2668242505921708
9,S2_uniform,spearman_far,0.33753677414709654
9,S2_uniform,rmse_score_normals,0.13963304051959305
9,S2_uniform,wall_s,6.153304576873779
9,S3_langevin,auroc_teacher_boundary,0.9830080000000001
9,S3_langevin,auroc_student_boundary,0.9262119999999999
9,S3_langevin,rmse_score_boundary,0.13585356046252198
9,S3_langevin,spearman_boundary,0.7628054192216769
9,S3_langevin,auroc_teacher_close,0.999452
9,S3_langevin,auroc_student_close,0.989212
9,S3_langevin,rmse_score_close,0.06640725116211142
9,S3_langevin,spearman_close,0.6523852975411901
9,S3_langevin,auroc_teacher_medium,1.0
9,S3_langevin,auroc_student_medium,0.999868
9,S3_langevin,rmse_score_medium,0.059287433567322356
9,S3_langevin,spearman_medium,0.5252644690578762
9,S3_langevin,auroc_teacher_far,1.0
9,S3_langevin,auroc_student_far,1.0
9,S3_langevin,rmse_score_far,0.2671699098202031
9,S3_langevin,spearman_far,0.2533802455209821
9,S3_langevin,rmse_score_normals,0.1673498129140591
9,S3_langevin,wall_s,42.87303972244263
9,S4_mixed,auroc_teacher_boundary,0.9830080000000001
9,S4_mixed,auroc_student_boundary,0.900604
9,S4_mixed,rmse_score_boundary,0.16475891497482037
9,S4_mixed,spearman_boundary,0.7742351289405157
9,S4_mixed,auroc_teacher_close,0.999452
9,S4_mixed,auroc_student_close,0.97888
9,S4_mixed,rmse_score_close,0.0898609155554278
9,S4_mixed,spearman_close,0.6152168288673154
9,S4_mixed,auroc_teacher_medium,1.0
9,S4_mixed,auroc_student_medium,0.998212
9,S4_mixed,rmse_score_medium,0.1104153502408029
9,S4_mixed,spearman_medium,0.468438673754695
9,S4_mixed,auroc_teacher_far,1.0
9,S4_mixed,auroc_student_far,0.999884
9,S4_mixed,rmse_score_far,0.24566266526675665
9,S4_mixed,spearman_far,0.19270291481165924
9,S4_mixed,rmse_score_normals,0.16829060604411106
9,S4_mixed,wall_s,21.885101079940796
9,S5_adaptive,auroc_teacher_boundary,0.9830080000000001
9,S5_adaptive,auroc_student_boundary,0.887564
9,S5_adaptive,rmse_score_boundary,0.2202125063266773
9,S5_adaptive,spearman_boundary,0.6934333337333349
9,S5_adaptive,auroc_teacher_close,0.999452
9,S5_adaptive,auroc_student_close,0.9543599999999999
9,S5_adaptive,rmse_score_close,0.169617712009453
9,S5_adaptive,spearman_close,0.5136376705506821
9,S5_adaptive,auroc_teacher_medium,1.0
9,S5_adaptive,auroc_student_medium,0.991372
9,S5_adaptive,rmse_score_medium,0.12633906453727675
9,S5_adaptive,spearman_medium,0.3827819471277885
9,S5_adaptive,auroc_teacher_far,1.0
9,S5_adaptive,auroc_student_far,1.0
9,S5_adaptive,rmse_score_far,0.10283381015577459
9,S5_adaptive,spearman_far,0.6534198936795748
9,S5_adaptive,rmse_score_normals,0.16386229687886433
9,S5_adaptive,wall_s,41.62314438819885
